Date,ITC,HINDUNILVR,NESTLEIND,HCLTECH,INFY,TCS,HINDALCO,JINDALSTEL,TATASTEEL,KOTAKBANK,HDFCBANK,ICICIBANK
2024-01-01,0.1632465026457766,0.12434058656291219,0.14119450268309192,0.11015121741400082,0.06448249130722031,0.08498407556323034,0.0460140415476402,0.01976423783016205,0.03196927052073802,0.09715922359035094,0.06870463549933992,0.047989214835536746
2024-01-02,0.16414821427120171,0.12301172341578324,0.14434666127009338,0.11066809905219958,0.06436501319148044,0.08476084665957949,0.045349425899487594,0.019513239133871495,0.031794046796092074,0.09650703280749753,0.06776098328859327,0.047774714214120086
2024-01-03,0.16609381677603177,0.12195051722267974,0.14455085588128644,0.11036580827867741,0.06410132681508031,0.08472129239606811,0.046156279398373766,0.019626849106548022,0.03195634829175572,0.09492876689021765,0.06826904064850448,0.04727909829477658
2024-01-04,0.1704561526030308,0.1230018922964104,0.14304503510888705,0.10921140044070345,0.06295774743543872,0.08361805973996163,0.04487158840916101,0.01955196600667896,0.03133750824203079,0.09605725962014154,0.06798440710753402,0.04790698299002169
2024-01-05,0.16992788752222235,0.12217968671338095,0.14543701811205184,0.10771688885124582,0.06383249978368294,0.0829432691802723,0.044619649254859284,0.01987158886758248,0.031041778774341767,0.09581216264571524,0.06862313009066995,0.047994440203975176
2024-01-08,0.1690687775617667,0.12348648730914306,0.14302311374877982,0.10870118351491606,0.06467577875431935,0.0845589307268584,0.044359058681623334,0.01962789444730058,0.030905748557596074,0.0949978702632156,0.06827803819918905,0.04831711823529195
2024-01-09,0.1680959349434376,0.12301030697813849,0.14222397668431072,0.11119722377644402,0.06505438341038214,0.08423366091188919,0.0441891501676192,0.019366898446379347,0.03089945731423164,0.09504671451732909,0.06834705722323271,0.048335235626605945
2024-01-10,0.16779990351737442,0.12311637228708254,0.14081365916016833,0.11218865623022688,0.06535037519623342,0.0845229904841187,0.044071457969392804,0.01966811883939624,0.0312944732658577,0.09510199416442718,0.06783398904618483,0.0482380098395369
2024-01-11,0.16696700061813566,0.12272387321709652,0.139706993369053,0.1143626239843358,0.064800667113412,0.08485944363814124,0.04428402882232399,0.019701453087870826,0.0313282787294825,0.09458137324953088,0.06790286019058672,0.04878140398003109
2024-01-12,0.16752886613331897,0.1213387481632709,0.1392360831292762,0.11434649680797841,0.06400912913234864,0.08578130365656494,0.044257676473516944,0.019834788921647514,0.03166565136134266,0.09513996863062078,0.06794074023793814,0.04892054735217584
2024-01-15,0.16639825809217387,0.11984146072458193,0.13668883684457112,0.11683557106961086,0.0680258841519983,0.08779240888389349,0.0439627231594695,0.019621957011271847,0.03127146222567064,0.09421232157067595,0.066580187939458,0.04876892832662455
2024-01-16,0.1652042656103841,0.12011555932534303,0.13533791354597927,0.11933553353226206,0.0690524705042823,0.08746520885337919,0.04300941245245083,0.01942120586697396,0.030895704980320706,0.09428562156038045,0.06724551545135155,0.04863158831689241
2024-01-17,0.16715950843730046,0.12013599166793892,0.13528426828149295,0.11708116195119075,0.06831399168270347,0.08666578464538562,0.04345276385443618,0.019844590511873338,0.03148943569252895,0.09427361251591512,0.06761999885709506,0.04867889190213914
2024-01-18,0.16745277767940123,0.12152293272702751,0.13723380526607998,0.12028019415747312,0.06963708007568392,0.08840867955264307,0.04259345199940378,0.019380166736496902,0.030627240293062612,0.09205709369372143,0.06278201871120252,0.048024559107803816
2024-01-19,0.16807709969501067,0.12155344148552322,0.1358395383215709,0.12037273185345738,0.07016440099818186,0.08936014372995385,0.04244406279725637,0.019433585339750828,0.03066193691506582,0.09249375945708721,0.06105539153143317,0.04854390787570879
2024-01-23,0.16899489464273815,0.12148591346799671,0.13549805658089506,0.12044237975551236,0.07035367134433494,0.0902485603721141,0.04229980508403549,0.01954703587773522,0.031192170090756397,0.09114636285256116,0.059975487309359414,0.048815662621960805
2024-01-24,0.16876358834588867,0.11532551908799198,0.13607522261557375,0.11998384533243373,0.07138242295514323,0.09052921834766184,0.04214187650131539,0.019088021200191943,0.030988390132460696,0.09450915067995207,0.059674023574040364,0.051538721227346394
2024-01-25,0.16764281716193305,0.11665513567015626,0.13669358604249307,0.12216961938878938,0.071673097934196,0.0887140376394747,0.043293091572253674,0.01910043517226279,0.03168085914772979,0.09322443814179596,0.0599025925946182,0.049250289534297095
2024-01-29,0.16635721733113512,0.1171363113658128,0.1362662446023142,0.12130179972571022,0.07209228118662674,0.08883528988022413,0.043869215147240896,0.019557699098757847,0.0316550813657884,0.09306058004892656,0.05960798863133773,0.050260291616125385
2024-01-30,0.16333288664100382,0.11727498777522587,0.13642447132084395,0.12253663616993068,0.07116525682811473,0.08813900938513387,0.04368571107899906,0.01984429003339738,0.03177805597305953,0.09540959196176262,0.06010148927059209,0.05030761356193624
2024-01-31,0.1632465026457766,0.12434058656291219,0.14119450268309192,0.11015121741400082,0.06448249130722031,0.08498407556323034,0.0460140415476402,0.01976423783016205,0.03196927052073802,0.09715922359035094,0.06870463549933992,0.047989214835536746
2024-02-01,0.16323907167187826,0.12449825976537962,0.14085298388590217,0.11044340210260777,0.06433449566014289,0.0846481864526473,0.04645712402126037,0.01989439565212134,0.03200872119084314,0.09647188226411574,0.06901815388896927,0.04813332344413223
2024-02-02,0.1641732465267925,0.12442918559649382,0.13907449661318352,0.1108352669862081,0.06435592551492766,0.08572276265994724,0.045929324729820434,0.019559985136500837,0.0318222945594691,0.09659575298211355,0.06938135186968591,0.0481204068248574
2024-02-05,0.1623539561083123,0.1227818909539982,0.13917111968095763,0.11074842373880142,0.06545072070314006,0.08779462336386189,0.04668953032093706,0.02034594344472581,0.03258613649610538,0.09614362589869825,0.06809783396321387,0.047836195327248136
2024-02-06,0.16262912653763273,0.12189792842425289,0.13900387633720684,0.10945664562083064,0.06562924717854803,0.08851091889679444,0.04669763592026063,0.020135421036867315,0.033467972061596934,0.09598235176373748,0.06847086447773493,0.04811801174453708
2024-02-07,0.1588581112786494,0.12124915813337048,0.13753501476116975,0.11334121797528021,0.06672574511205634,0.09138619558064377,0.04671732945767545,0.020445422843873712,0.0339228692934559,0.09407798890531796,0.06787892201892393,0.04786202463958328
2024-02-08,0.15911256354916517,0.12128585926658969,0.14003391018760614,0.11283085741337075,0.06539240754552912,0.09028478078838992,0.04733627432022111,0.020444798334864622,0.03388706372248719,0.09443640772451849,0.06725910903125637,0.04769596811600141
2024-02-09,0.15697884650736404,0.12233991168511324,0.13740091151455308,0.1155113850971774,0.06612546090916147,0.0925205660703183,0.04864573987098021,0.020596062056992284,0.03412219649045983,0.09223409447010505,0.06679871019132434,0.046726115136450835
2024-02-12,0.15717082325043738,0.1225684209605552,0.13878667196104624,0.11516220314931215,0.06516684993259998,0.09241298086949451,0.04778571646226586,0.02016364879889058,0.03352819607170976,0.09281488892429299,0.06675363442459943,0.047685965194795864
2024-02-13,0.15501792864456243,0.12149896608558472,0.14030659181689709,0.11858557089710435,0.06606344442286263,0.09279225609119669,0.04741280893130974,0.019831494361157605,0.03283987571904163,0.09172462301029821,0.06658755806520104,0.04733888195478383
2024-02-14,0.15531054270809516,0.12218441164676469,0.14050877753466692,0.11874236284400914,0.06637976262814171,0.0936401722313923,0.04161195021580996,0.019688037057240395,0.033017733790091444,0.09340435312956888,0.06694327639385916,0.04856861982036034
2024-02-15,0.15663153514726352,0.12147868798089123,0.1417409708356513,0.11877488951557534,0.0654428403500661,0.09222403109001708,0.041289404413392426,0.02019940504176686,0.03370997264501276,0.09373255484635486,0.0662276069453881,0.04854810118862041
2024-02-16,0.1545271000002696,0.12021923122023065,0.14096548705341314,0.11875915629966406,0.06618718244285973,0.09277831954583232,0.041947568375486625,0.02049427555142889,0.03388695629473603,0.09370207420631539,0.06801836380042015,0.048514285209343457
2024-02-19,0.15381729419724932,0.12069990644682498,0.14202201376692056,0.11835695962066076,0.06676178663287836,0.0927563363649499,0.04188570148080668,0.020479284796020094,0.03393527248412481,0.09289617098412335,0.06786841671830124,0.04852085650714005
2024-02-20,0.15500295385968116,0.12085071554477105,0.1429466781024322,0.11846568145811091,0.06643771997678359,0.0918608555699626,0.04145385908926074,0.020124258523085255,0.03372514326768367,0.09234325050145871,0.06748113926175002,0.04930774484502001
2024-02-21,0.15357831443768438,0.12152558253132878,0.14421655004952774,0.11742589259261219,0.06577179038306145,0.09008759232893565,0.04133489277749898,0.02012043365785654,0.033460863105569276,0.09386042220577903,0.06914830485963921,0.0494693610705068
2024-02-22,0.15330775172201214,0.12229097674344777,0.14518373965652312,0.11611989127262147,0.06493857660693494,0.08966257234544568,0.04155962857213896,0.020527912359786255,0.03430914877845141,0.09345608793397801,0.06877312358604887,0.049870590422611424
2024-02-23,0.15580114199872705,0.11999669386602652,0.14469703452521526,0.11836429526143388,0.06522814710232162,0.09080438460980576,0.04185531697260422,0.02062410822937573,0.03440494620275818,0.09130217108570866,0.06709340392290414,0.04982835622311892
2024-02-26,0.15506761399465194,0.12061943803178757,0.1459806518939396,0.11722716294744626,0.06522730775405348,0.09026721128918705,0.04174161556483061,0.020754390058587528,0.03439043663517157,0.09150620553902639,0.06732235310558869,0.049895613185729305
2024-02-27,0.15521279940387367,0.12189608747944707,0.14718201009583412,0.11683819080534744,0.0649856729938073,0.08969308433780879,0.040927538344241995,0.0204805697953767,0.03394148162055377,0.09113888898773558,0.06782874559857963,0.049874930537393974
2024-02-28,0.1550531974843568,0.1212461598265287,0.14717151665814804,0.1167981850637137,0.06474522871286746,0.09147937679103825,0.04106216491166862,0.020489197830132387,0.03411244245518826,0.09063727165804267,0.06733569383581087,0.04986956477250412
2024-02-29,0.1632465026457766,0.12434058656291219,0.14119450268309192,0.11015121741400082,0.06448249130722031,0.08498407556323034,0.0460140415476402,0.01976423783016205,0.03196927052073802,0.09715922359035094,0.06870463549933992,0.047989214835536746
2024-03-01,0.1622255180102052,0.12369687021483695,0.14238972082209894,0.1107968935359385,0.06449674201752832,0.08437687276680125,0.045901245290749564,0.020286113953880427,0.03194839776171932,0.09736399358624599,0.06831895057304185,0.0481986814669538
2024-03-04,0.1620193793745544,0.12244214902437627,0.14138282414436878,0.10848813632154673,0.06317833803692835,0.08359581608055337,0.04686135676497152,0.02130877809963264,0.03370383733453192,0.09866475215212428,0.0690182754002817,0.04933635726613008
2024-03-05,0.16179288066600156,0.1230152628867101,0.14065230719178576,0.10803676707045269,0.062483813767817614,0.0832819888510006,0.04736948839245194,0.021729493067182765,0.03439734915249329,0.09859461423003885,0.06908319590166165,0.04956283882240311
2024-03-06,0.16228404998295182,0.12314831109219583,0.13933504047738107,0.1079123472931714,0.061944963001277255,0.08272708145093798,0.047598566968998376,0.021561479491835834,0.034468632476445334,0.098948995679476,0.07019325818553963,0.04987727389978945
2024-03-07,0.16180574746090065,0.12232193989401374,0.13804012648640593,0.10879002723468038,0.06192800163947719,0.08320812667006956,0.04769948657485273,0.021556332499733353,0.03416744513658119,0.1007685685913077,0.06977930235183907,0.04993489546013864
2024-03-11,0.16298534345558402,0.12246446084085474,0.13864035869249702,0.10764221445090441,0.061477841948917575,0.08356047318687877,0.04826173242950846,0.021642492940079677,0.035207159816490606,0.09943858867730766,0.0694874004157426,0.049191933145234505
2024-03-12,0.16206524397035277,0.12149757218110441,0.14200385645940647,0.10818555370231958,0.06114496793643825,0.08421188688459164,0.048204778236661396,0.021446974241029725,0.034508709029414816,0.09882819710730285,0.06891229271864305,0.048989967532735046
2024-03-13,0.1604710236460927,0.1211785955591593,0.14116426045919847,0.10823054175017718,0.06175732941583393,0.08583520417827696,0.04788474679650604,0.020960944442949686,0.03437331616035022,0.09852109085389583,0.07060541838264092,0.04901752835491877
2024-03-14,0.16795084690812143,0.11807619201893065,0.14105579866428408,0.10817702810881595,0.06182242826151916,0.0851210145967754,0.04599023532099135,0.01988560155052082,0.032443843587209684,0.09924774377362768,0.0707890298095336,0.04944023739967035
2024-03-15,0.16519692220667215,0.11802721251612729,0.1412800060140178,0.11024810341486996,0.06280616876562867,0.0854743185414354,0.0471771421605064,0.020138360540359727,0.03185642520266866,0.09900183730493103,0.06985528530992435,0.04893821802285848
2024-03-18,0.16564872987661244,0.11815508864911016,0.14135825886503225,0.10858860015064767,0.06232444158214501,0.08605818951604632,0.04802658000476611,0.019861641184519902,0.03181706685235586,0.09916897888980815,0.07000333649508322,0.04898908793387294
2024-03-19,0.16561450326196583,0.1171837073333487,0.1406179037353033,0.10873721747892252,0.06135761542932526,0.085013914428678,0.048079719767065134,0.020981187734980936,0.03373925978600346,0.09951746515673696,0.06994626145521626,0.049211244432453505
2024-03-20,0.16527158593511937,0.11748655249053207,0.13836067210342196,0.10762705678878774,0.06080722339997916,0.08282588660936033,0.049135858372914246,0.02097844642152957,0.03410107045326787,0.10191146643963768,0.07131022198977331,0.05018395899567666
2024-03-21,0.16750604220804075,0.11601959034846321,0.14115662574671178,0.10665858124832184,0.06046482060541553,0.08257068813012083,0.04853016298701583,0.02063366452629929,0.033341164809635226,0.10267723880672552,0.07030602619468765,0.050135394388562675
2024-03-22,0.16852986853940194,0.1152113558855558,0.14033515095263896,0.10647717309441587,0.060023239672840865,0.08202317189962947,0.049265193979481765,0.02151274448531388,0.03411438241181246,0.10233355087305415,0.07052083416735627,0.049653334038498455
2024-03-26,0.17128462582342777,0.11581535353886292,0.14126727217542975,0.10383238758440633,0.05818996592568118,0.08065464493184282,0.049945842409323156,0.021786319801958515,0.034463374872045094,0.1024678372638725,0.07030312111779763,0.04998925455535228
2024-03-27,0.1713799995597147,0.1152854923407112,0.14235905100209395,0.10441508219715719,0.05772521102658857,0.08018810336440768,0.05108134626695762,0.021959665147868217,0.03469576354996429,0.10143961065301406,0.0696459209824959,0.04982475390902667
2024-03-28,0.17173335361587883,0.11541325694743629,0.14145288580866539,0.10347074259654185,0.0574561823373237,0.07952989890305315,0.05105325536928085,0.021879271497252547,0.03480725338757215,0.10283398643326515,0.07048094762308316,0.04988896548064697
2024-04-01,0.1704522340278232,0.11571840181990856,0.14333844876695168,0.10243908038105222,0.05752625899308094,0.07959903153034047,0.05086705448936541,0.022116334927026804,0.035231455734490026,0.1025520613677824,0.07024731962751889,0.04991231833465952
2024-04-02,0.16901263446139347,0.11628096894252046,0.14067794343780027,0.10283535053678838,0.05716159376534136,0.08005875911670567,0.05138710254246053,0.022512107703032917,0.03671160999328043,0.10237643832990917,0.07101478668158416,0.04997070448918344
2024-04-03,0.1690545586024258,0.11658276483745217,0.14304949846653606,0.10118587611986105,0.0568071904070815,0.07956343783544031,0.05173795272224569,0.023304462129544203,0.03713229495725864,0.10069813949200493,0.0716412601850592,0.049242564245090326
2024-04-04,0.16957573359067393,0.11601975472739391,0.13991071252473541,0.10215515311222584,0.05698476769289724,0.08123760345578354,0.05246816658831353,0.023555612687147898,0.03707714654458363,0.09965195078069164,0.07207652740293674,0.04928687089261665
2024-04-05,0.1679608932928378,0.11556812367849555,0.13914408381449556,0.1020205304286346,0.05700116654029592,0.08207845196143879,0.05237394661546796,0.023491211204350767,0.03688046678659173,0.10030722384581926,0.0739982568288674,0.04917564500270453
2024-04-08,0.16920942111625675,0.11522176815682697,0.13795501257341028,0.10199464538457927,0.05648993153621272,0.08126907216152093,0.05147559664033431,0.023721349272212314,0.036726251231068326,0.10197481883463844,0.07477053596373959,0.04919159712920003
2024-04-09,0.16997229393929292,0.11542488738112373,0.13592172183505066,0.10174088184391131,0.05644790156496604,0.08120363416634994,0.05213095584925898,0.023633330751861022,0.03717487172447338,0.10225036752651194,0.07469385398514544,0.04940529943205462
2024-04-10,0.16876776507797472,0.11510212115380372,0.13608724416189402,0.10170117176866068,0.057102708432469194,0.08061712189574567,0.05316114021812837,0.023384027452526334,0.037329407944454024,0.10173495111424873,0.07473700896684758,0.050275331813247004
2024-04-12,0.17131887387245015,0.11384389045387633,0.13612877891658123,0.10064574112979388,0.0570118267886792,0.08062136225042382,0.05394827714807582,0.02303847350012611,0.03676282123396926,0.10333393533269354,0.07344308401810491,0.0499029353552257
2024-04-15,0.1699661643159457,0.1132923557975544,0.13767169505377663,0.10027806858126574,0.05662161232492718,0.08160024651775358,0.05397800683898748,0.023215418216950966,0.036705453546856254,0.10341496259268736,0.07318528771624716,0.05007072849704753
2024-04-16,0.16970210306705033,0.11227448466225717,0.13976842722067867,0.10001646884443213,0.05645285191804271,0.08103909046864836,0.05570295878786199,0.023308830497058085,0.036409985113930766,0.10341561770844462,0.07261407927551243,0.04929510243608277
2024-04-18,0.1705222855695109,0.1141925812000063,0.14002871659926616,0.09864686285236048,0.054650857014489775,0.08001751254223759,0.055620460769345105,0.023632440642748827,0.03640399095639716,0.10359469567308853,0.07367530709104739,0.04901428908950182
2024-04-19,0.16932099970558245,0.11498516246960812,0.1367431232200015,0.09889607461792439,0.055366508376846965,0.08056587011949842,0.05652256433154143,0.023968089780864572,0.036755962711526306,0.10425496337127885,0.0736704902701399,0.04895019102518703
2024-04-22,0.1711198034733417,0.11546176402080213,0.13490102328486153,0.0972582549813558,0.05486642492286793,0.07954649256774239,0.056508816347140056,0.024450544569183125,0.037099642131991406,0.1042420603952112,0.07521672493845373,0.04932844836704904
2024-04-23,0.17035842991244654,0.11530867259094539,0.13528258707824187,0.09792952312548883,0.055382754377071956,0.07988390769019484,0.05653193868475694,0.024058588697756556,0.03682992269753607,0.10464426916060802,0.07385241556223007,0.049936990422722906
2024-04-24,0.1708776117554566,0.11569563271044404,0.13678883374238027,0.09871319069969872,0.05541751825820726,0.0796067706170066,0.0555758006331075,0.023709373007583124,0.03644816030787475,0.10418754919992895,0.07318108650509618,0.04979847256321609
2024-04-25,0.17008473979116073,0.1151120293114175,0.13618946234472576,0.09783447622442566,0.05475313279985335,0.07839955667751677,0.057555323493758116,0.02430759144843073,0.037295664220637216,0.10547951733353958,0.07309070569063224,0.049897800663902286
2024-04-26,0.1737629121671655,0.11377705989901944,0.13979342993233404,0.09962344816525318,0.05512644057615899,0.07894500766763256,0.05860708843863025,0.02449177971255165,0.037833998123896075,0.09414605674239096,0.0731491489884076,0.050743629586559834
2024-04-29,0.17640965958064955,0.11444471428591871,0.1367321917570808,0.0985516706374354,0.055337241601811825,0.0790629494787899,0.05939719293101976,0.02445347165145412,0.03776365905180583,0.09308321875879627,0.07380340672391557,0.050960623541322275
2024-04-30,0.1632465026457766,0.12434058656291219,0.14119450268309192,0.11015121741400082,0.06448249130722031,0.08498407556323034,0.0460140415476402,0.01976423783016205,0.03196927052073802,0.09715922359035094,0.06870463549933992,0.047989214835536746
2024-05-02,0.16346348594301421,0.1254793510650537,0.14207373795627257,0.10927996265695397,0.06430335600622694,0.08449926502841831,0.04594208962204703,0.019643285157914726,0.031737505697271996,0.09687652565088216,0.06877336676046378,0.047928068455480664
2024-05-03,0.16485102345314814,0.12534513662332356,0.1424641843440204,0.10889439849994788,0.06407796969337526,0.08551023999106427,0.045768009206753474,0.01991683713978355,0.032215034960545674,0.09406967537107273,0.0693780039913788,0.04750948672558608
2024-05-06,0.16524953830578862,0.1258571850526839,0.14042969373033837,0.10877469737409713,0.0646926763054852,0.08577366800424265,0.04655317130290487,0.019860957905045527,0.03231660897498536,0.09310535546207864,0.06937454749264647,0.04801190008970343
2024-05-07,0.1630740658483406,0.12688771302667523,0.13919648555988562,0.10862179515213267,0.06452506667936653,0.08669225843681995,0.04552839235959246,0.019771183928863116,0.03222738661731584,0.0968666553216484,0.06886688849488354,0.047742108574476
2024-05-08,0.1634265725045971,0.13240028078891766,0.1405956709173923,0.10668271980368581,0.06451603691043385,0.08704139179850268,0.04373494853148863,0.01931219903504903,0.03124898006455541,0.09699803084165526,0.06739970836107824,0.046643460442643885
2024-05-09,0.16394658409965743,0.13048817402371934,0.14253896321596504,0.10547535915887994,0.06401372515299365,0.08714580301014535,0.04474891230564188,0.01975437167087234,0.03164524037446359,0.09742625177301474,0.0664610905543532,0.046355524660293544
2024-05-10,0.1599467034919683,0.13119740511689093,0.1428109649546567,0.10727097140259159,0.06534388908470193,0.0878281830539286,0.04428202864278285,0.01952076311638816,0.031227470407916767,0.09829036510286478,0.06567012782217758,0.046611127803131654
2024-05-13,0.16237343440961474,0.13272535082173892,0.14333516343512248,0.10651373040866192,0.06441019069509668,0.08599902904982695,0.044539460019280705,0.01963484136360792,0.03116496323112098,0.09697950965569796,0.0658506790635644,0.046473647846666244
2024-05-14,0.16143573138281875,0.13231072046004985,0.14204554479263717,0.10600003024285937,0.0641952667353629,0.08698702693365831,0.04499719605830884,0.01977661389808418,0.0313992279378419,0.09754185261735547,0.06649052694141917,0.046820261999604075
2024-05-15,0.16081641875730474,0.1318425944309473,0.14057531379068894,0.10678049790181164,0.06432539926519358,0.08605891698759714,0.045983965602278,0.0206212618038485,0.03164631091481006,0.0979572996215412,0.0668275904970671,0.046564430426911864
2024-05-16,0.16055850661218055,0.13073580634017035,0.13970648819797005,0.1080432865620965,0.06429239791693873,0.0858423534429764,0.046616873184253275,0.02099876750856079,0.031860946265260245,0.0985030755120374,0.06598691781612945,0.04685458064142637
2024-05-17,0.1604312455641147,0.13063372666670311,0.13860293261802914,0.10826906144351012,0.06519627692768465,0.08612051703451129,0.046161137185649466,0.021049614596806033,0.031623555181484186,0.0988486172556201,0.06636531297217686,0.04669800255371041
2024-05-21,0.16249356638793658,0.1295690399184405,0.13753896628213838,0.10723927551278865,0.06489367932990302,0.0847797539637694,0.04638340550313546,0.02129817726922322,0.03195085377888917,0.1004570458073436,0.06664646470402158,0.04674977154241052
2024-05-22,0.16123819866947606,0.1284750228809498,0.13780401663738062,0.10747468800369062,0.06416039671219838,0.08410895426588562,0.048871937430818656,0.022322730168985127,0.03314409301189168,0.10012505830371163,0.06611949659826999,0.04615540731674192
2024-05-23,0.16218972905737813,0.1308416464259076,0.13747506661662684,0.10694714956581945,0.06470931042101265,0.08388274052879728,0.04795640911200895,0.02237581114882069,0.03275470953251342,0.09962449714238897,0.06575664114964891,0.04548628929907711
2024-05-24,0.1615199722194201,0.13072924419318896,0.13673389506993244,0.10698551605011267,0.06500741652160405,0.08459708994194474,0.04706255641058706,0.02213498058048253,0.0329250129117718,0.09943988801014181,0.06676393510919292,0.04610049298162114
2024-05-27,0.16039090845942766,0.13060658567686972,0.13702581191527066,0.10682885476906383,0.06499132717925614,0.08403809002119589,0.04703731683623081,0.022139336944836302,0.03295835419231383,0.09958325233082627,0.06818555301761028,0.04621460865709858
2024-05-28,0.15856454386671634,0.13137700212654593,0.13650541367497748,0.10740563198822375,0.06522819211253246,0.08393263325141867,0.047329402187867034,0.02192077240524764,0.033060406808027604,0.0999627401237252,0.06861496232567459,0.04609829912904324
2024-05-29,0.15782192426533284,0.1321552654840017,0.13620230033505595,0.10793077955007344,0.06511020002849427,0.08387019202353295,0.04762341583277246,0.02180644777927325,0.032984171460876656,0.09964446678329923,0.06881748132560937,0.04603335513167788
2024-05-30,0.15897971428632382,0.13127513193221882,0.13794552090341075,0.107808329356714,0.06457454013095854,0.0833092229011617,0.04943798503532759,0.021575148287079546,0.03295287823269856,0.09899458775640112,0.06800768357225724,0.04513925760544825
2024-05-31,0.1632465026457766,0.12434058656291219,0.14119450268309192,0.11015121741400082,0.06448249130722031,0.08498407556323034,0.0460140415476402,0.01976423783016205,0.03196927052073802,0.09715922359035094,0.06870463549933992,0.047989214835536746
2024-06-03,0.16494426809490326,0.12368091172245466,0.1388508698275337,0.10997454818793195,0.06510059907541778,0.08385612739639882,0.045823577030926155,0.019789326589937678,0.03270133197524019,0.0970111650204004,0.06975654465631803,0.04851073042253733
2024-06-04,0.16465532806276442,0.12375579616507987,0.13736029099873656,0.10799416697341173,0.06435186174010937,0.08367148164803492,0.045762755391806485,0.02013349939217985,0.03371218234733826,0.09811370976954913,0.07083476270325231,0.04965416480773708
2024-06-05,0.16386942283855022,0.13281888403544212,0.1434232117401777,0.10847716904637356,0.06461222908848248,0.08502653637040235,0.04322814231372579,0.018516242632340217,0.031147911446990365,0.0947433896041861,0.06768277101911306,0.04645408986421603
2024-06-06,0.16367788909253558,0.13346690971449976,0.1429029753981489,0.1077682804147751,0.06390067450514138,0.08264063808627461,0.044628008314023464,0.01870241573930177,0.0319555878252755,0.09577998859046861,0.06825065721169568,0.046325975107859525
2024-06-07,0.1645885974780441,0.12992894524619197,0.13983929829399327,0.11138666712537666,0.06537525100702757,0.0839673725779924,0.043218379938197486,0.019016560502345434,0.03229192242783314,0.09610443831061075,0.06817181280641728,0.04611075428596973
2024-06-10,0.16355663801198822,0.12942763353573625,0.13950682684911558,0.11241301580336027,0.06709462721087565,0.08410090674789258,0.04275978065055321,0.018688641721665143,0.033082124447865506,0.09572342780296672,0.06775369806993227,0.04589267914804849
2024-06-11,0.16325558175673321,0.12922754896081717,0.142526089923293,0.11177944448497239,0.06583022308137514,0.08361459294447962,0.04265181269911889,0.01848008936825309,0.03344917790335792,0.09559845444953176,0.06745666220905348,0.04613032221901432
2024-06-12,0.16234282459890642,0.12920758417802752,0.1426550314805315,0.11295012952621318,0.06587560587989667,0.08375251070215811,0.04257707948157149,0.018482747186140656,0.033755357843269544,0.09451078261966088,0.06783541761383702,0.04605492888978701
2024-06-13,0.16228227996545025,0.12796927073919348,0.14257145946252428,0.11387837074358717,0.06549245344528003,0.08341165693408367,0.04269030367723331,0.018850611492733222,0.03396515411556502,0.09439470293917442,0.06832575665493211,0.04616797983024306
2024-06-14,0.16138562344046758,0.1257655063616038,0.14325388688475746,0.11420255991394804,0.06581879953131232,0.08434767888109206,0.04308212534803346,0.0190819025280375,0.03399592995777365,0.09489209357292108,0.06855026322643894,0.045623630353614164
2024-06-18,0.1618664046478961,0.12672707308738218,0.14287759270937622,0.11327998843299422,0.0656620297789122,0.08342853094960268,0.043309010821831445,0.01930647470358537,0.03413996747179895,0.094483707439128,0.0693199945488691,0.045599225408623455
2024-06-19,0.16085531288248126,0.12697237335713,0.14322074470286553,0.11368900678518978,0.06602698491005572,0.08300271052046315,0.04297233862406271,0.018959635547954164,0.033738479143133694,0.09454006824899597,0.06974542379169646,0.04627692148597154
2024-06-20,0.15898078344466468,0.12550923911604245,0.14189079750171055,0.11440121711295338,0.06662279781433907,0.08273138439982618,0.041947454719221094,0.01919713825841418,0.03354177403943654,0.09606460719598299,0.07193414245127419,0.047178663946134805
2024-06-21,0.15803236862043069,0.12614432552764704,0.1419265225271613,0.1136238690199232,0.06645772716065348,0.08199300611914345,0.042620001937386846,0.0192707846364794,0.03378816938541632,0.09664017032333048,0.07206055644467575,0.047442498297752204
2024-06-24,0.15705928927390383,0.12438913651989664,0.13997966063054473,0.11426723728556638,0.06739159504777957,0.08271679074324008,0.04323639393473221,0.01970234008958456,0.03411510938587878,0.09740768258650406,0.07209255441652972,0.04764221008583932
2024-06-25,0.15802020006153755,0.12410198706923693,0.14137360901545618,0.11341046972910224,0.066967866782617,0.08262639556714314,0.04316793367026902,0.019533788000716392,0.03364942585506582,0.09697740637374061,0.07218665980738966,0.04798425806772563
2024-06-26,0.15752445470399037,0.12320608874995975,0.14011682258396,0.11361176941269532,0.06740474010263123,0.0828343939123861,0.04304820169629206,0.019347950688984466,0.03311410009870516,0.097183109579944,0.07363613857649623,0.04897222989395532
2024-06-27,0.1575044428237519,0.12367923508116457,0.14092968118659108,0.11309024327700719,0.0672382882703323,0.08307174838092705,0.0422996487210108,0.019008135254165826,0.03247201325649245,0.09790656477943412,0.07309077852302542,0.04970922044609715
2024-06-28,0.15686407937360072,0.12352917016625861,0.13978495985476308,0.11306417973285685,0.06811889856629574,0.08408679889254302,0.04262052352238431,0.018861960569870204,0.0325133122651327,0.0988806094004133,0.07228339748689903,0.04939211016898246
2024-07-01,0.1568749037437733,0.12428902089398644,0.1410141374902551,0.1136241260290734,0.0679495875774466,0.08358882419239094,0.04321080669883942,0.01884112239354737,0.03254107034695886,0.09753257519012669,0.0718802678386527,0.0486535576049491
2024-07-02,0.15696814358183228,0.12475611713590554,0.14063403601168617,0.11330553107686214,0.0683659207783804,0.0844005502968139,0.042589853946938844,0.01893990521205942,0.03225659181654709,0.09694686679111086,0.07213256151125805,0.04870392184060539
2024-07-03,0.15601973945320757,0.1240411309465229,0.13965250486574646,0.11448443271959732,0.06982273226235929,0.08542404256450943,0.042988906930399126,0.01872453389804998,0.03241647916845299,0.09509612175529338,0.07337178738002786,0.047957588055833784
2024-07-04,0.1560542722823661,0.12450738383866101,0.13915475562311974,0.11377653628546094,0.06965340516947953,0.0837824813538133,0.04252671694001339,0.018698819487811276,0.032549417019092794,0.09669005516461747,0.07451126435210455,0.04809489248345977
2024-07-05,0.15548864147777125,0.12312885685276732,0.13806353696268284,0.11632559296681871,0.07026939486185323,0.08450345905484652,0.04231073156134825,0.01868966809188363,0.03236006319803232,0.09740073643239987,0.0723724523599435,0.04908686617965238
2024-07-08,0.15668907198002016,0.12527413904590318,0.13922204102898267,0.11575545831919383,0.06992492506773977,0.08406082832150313,0.042630223903532785,0.018546782778491058,0.031974813991126005,0.09810974409939019,0.06885497673753094,0.04895699472658628
2024-07-09,0.15917104654244243,0.12636515857474942,0.13982610492941608,0.11601071033858715,0.0700378095761539,0.08308998527335243,0.04221607354399322,0.01798754582616236,0.031311100080736814,0.09745465364881846,0.06784779241358492,0.04868201925200259
2024-07-10,0.16156541258877985,0.1258612078628178,0.14069417548108523,0.11524111839712092,0.06948901258052301,0.08250337302290803,0.04258936726297329,0.017823549990905633,0.031063325261379744,0.09667369370676081,0.06754641694568407,0.04894934689906161
2024-07-11,0.16232176667962106,0.1277660952815396,0.1408167610871503,0.1144720993300697,0.0696162473399293,0.0815088025804883,0.04206647574530088,0.017706640120197258,0.030592543209520897,0.09642514365299158,0.06760312152159884,0.04910430345159225
2024-07-12,0.16445353658538148,0.12733392652505876,0.139178680041519,0.11430228398466881,0.06961074228827867,0.08158544681678495,0.042131420912137056,0.017774952297540607,0.030678479106171098,0.09692776182062571,0.06724165121541772,0.04878111840641613
2024-07-15,0.16263114872282453,0.12645936506720223,0.13835431159105654,0.11654508599303093,0.07123681456490938,0.08595780579779476,0.04137415125673882,0.017551411855491885,0.0302708065712166,0.09516524292747398,0.06647133534200882,0.0479825203102516
2024-07-16,0.16386069484717347,0.1261255043073139,0.1378853050263373,0.1170247625177715,0.07090639501300237,0.08549221442615705,0.0417759813805416,0.017424799818378536,0.029867682643182993,0.09553914298965457,0.06632065388969101,0.04777686314079562
2024-07-18,0.1640359314510516,0.12894597900566795,0.13810777963243961,0.11660518587480533,0.07144083478499597,0.08537740516889007,0.04107455443909745,0.017389565357285253,0.029816873770676777,0.0932244383467027,0.06598923664860157,0.047992215519785573
2024-07-19,0.16374887796077503,0.1298014724560717,0.13752204037110868,0.11707326134019798,0.0719119748189705,0.087144665407906,0.040542923637817946,0.01684364208990836,0.029341977325595132,0.09322585403177991,0.06501607902519017,0.047827231534678584
2024-07-22,0.16583898622480905,0.12972478187955844,0.1364813064177657,0.11749323085522387,0.07360262026066618,0.08739326943373779,0.03909904018984322,0.016159563881681452,0.027926725796437176,0.0933987680440665,0.06494624720446536,0.047935459811745164
2024-07-23,0.1638383641999865,0.13075415492658451,0.13658990858463718,0.11677412010620293,0.07469994224985874,0.08751225803819122,0.03984082812806519,0.016345610264670386,0.02851648777503248,0.09055418274428957,0.06669425568979068,0.04787988729269061
2024-07-24,0.1708073617238085,0.1306788451850072,0.13467901372584992,0.11784849383308073,0.07488087798317396,0.08678273346065263,0.03827000123632027,0.016156225247490733,0.028127438766292347,0.09006410167301927,0.0649386586243146,0.04676624854098975
2024-07-25,0.17257192638123076,0.12919034576831032,0.1334524858349773,0.11753286411660818,0.07525011705584256,0.08743011764404408,0.03840857291350466,0.016597386804990424,0.028362909647975068,0.08949044342669667,0.06478427727219667,0.04692855313362335
2024-07-26,0.17203833247409514,0.12939782393464772,0.13094632533202485,0.11844091004066103,0.07526985056492685,0.08822081285875077,0.0383109969398098,0.01609003115441424,0.027992489246707362,0.0914517327505442,0.06563393706493895,0.04620675763847925
2024-07-29,0.173462659509799,0.12746764633747107,0.1286151483000298,0.12001266572476982,0.07623481864271663,0.08809344547743035,0.03891288428803371,0.01641062145533751,0.0284385299114762,0.09192085127002976,0.06462498853807219,0.0458057405448339
2024-07-30,0.17211611085574832,0.1280721876750789,0.12885466702204815,0.12033625307837416,0.07626292652228059,0.08835716378568911,0.039045594094642894,0.01639271188166864,0.0286238485064422,0.09132248281635191,0.06439276656898352,0.04622328719269152
2024-07-31,0.1632465026457766,0.12434058656291219,0.14119450268309192,0.11015121741400082,0.06448249130722031,0.08498407556323034,0.0460140415476402,0.01976423783016205,0.03196927052073802,0.09715922359035094,0.06870463549933992,0.047989214835536746
2024-08-01,0.16410327082254783,0.12427246058634434,0.14029967999667847,0.11034064446700892,0.06380378345860939,0.08487728364349646,0.04637688800601566,0.019885809359593592,0.03202755645160748,0.09777351946219973,0.0683137924514745,0.04792531129442368
2024-08-02,0.16343671433970008,0.12463572624029381,0.1417749276598475,0.11012212614977064,0.06322291260990404,0.08504227890997561,0.04661280150498954,0.019771694638887987,0.03156465146319011,0.09687768712016338,0.06923753195659876,0.047700947406678754
2024-08-05,0.16349040475504567,0.12478334740721803,0.14379505343758306,0.10907627900000237,0.06275648688690735,0.08364303327596627,0.04528811464823066,0.019425152366793857,0.03092595038019978,0.09841029062006244,0.07077981238799824,0.047626074833992234
2024-08-06,0.165151289453862,0.12795512706742723,0.14710804617489723,0.10765559013316953,0.061370750220487054,0.0824905081572532,0.043642273488265326,0.018944745862162944,0.029770258827042106,0.09839101632240023,0.070072728328679,0.04744766596435409
2024-08-07,0.1648905814885933,0.12927972882054928,0.14664491464082832,0.10881844677220569,0.06120809779340519,0.08262940721972369,0.04326294111527561,0.01905763361183734,0.029804060337006385,0.09800348806709584,0.06928931525546499,0.04711138487801429
2024-08-08,0.165532851397999,0.1278309251308007,0.1461469864605874,0.10864159615934436,0.06205907299656421,0.08245625864834318,0.04381296105880023,0.019314870909072464,0.03023002622729973,0.0974462085529987,0.0696188996688588,0.046909342789331274
2024-08-09,0.16759938596315996,0.12836785709292883,0.145375210363281,0.10700667834892141,0.06087343001473315,0.08257911552323566,0.04348820399658617,0.018912302360417226,0.029768359941862856,0.09803381997981059,0.07101891219635517,0.046976724218707994
2024-08-12,0.16668938124325258,0.12802723033009086,0.14515461560270312,0.10836672152420808,0.06135888469053522,0.08304392979697811,0.04402463772994604,0.018705766248715373,0.029838796014342334,0.09710531406930324,0.0707912447718932,0.046893477978031804
2024-08-13,0.16636311887974764,0.12818243795626086,0.14341876105569945,0.10811834010355019,0.06232382280644931,0.08244878280773556,0.04451012350702683,0.018757039547198498,0.029907836380641106,0.09732922171651603,0.0712633607868516,0.047377154452323
2024-08-14,0.16577830593267223,0.12858853657129396,0.14493288507331104,0.10925733114348157,0.06268950167732736,0.08295595651366143,0.04420450471408538,0.018678544550592657,0.029453378249338132,0.09676536718693862,0.06922269259026391,0.04747299579703367
2024-08-16,0.16586240381060893,0.1271746944244531,0.14377145973264996,0.1111131862786854,0.06333721866586167,0.08456231614192058,0.04403278789830589,0.019030224587012288,0.028802599401916915,0.09615341716219955,0.06914607110531014,0.04701362079107552
2024-08-19,0.16613581608404424,0.12593662961029584,0.143912235976598,0.11180401676493751,0.06333906731646913,0.08527339650538375,0.044071031891909994,0.018760668095161942,0.028897747091166312,0.09589591658540313,0.06884517196852474,0.04712830211010554
2024-08-20,0.16522838010868005,0.12528809790769127,0.1422018228334416,0.11214424350539713,0.06334256886286639,0.08643417826089789,0.045646466489438486,0.01908811007458958,0.029664158427381834,0.09581821319292934,0.06860986213983213,0.04653389819685443
2024-08-21,0.16363153316576937,0.12512305003675667,0.14244391529026748,0.11219924945049843,0.06331392035661945,0.0866917847609401,0.04641461321795014,0.018922370007909438,0.029527786375121448,0.09669765593569309,0.06856524723823476,0.04646887416423968
2024-08-22,0.16478202300156702,0.12617222653802382,0.1434412332631628,0.11088454060796941,0.06294324355512156,0.08669840750588055,0.04700120210132037,0.018964005435197006,0.028963869212919012,0.0964944158842586,0.06765047122624233,0.04600436166833745
2024-08-23,0.16435158757086007,0.12612691565706377,0.14326545445270458,0.11070856526392628,0.06313812353854445,0.08567561489268136,0.04695398127271072,0.019147575302777973,0.02935973502214375,0.09685915164573024,0.06781608180061076,0.04659721358024597
2024-08-26,0.16512039481114882,0.12743570313610753,0.142352921119151,0.10997850671994913,0.06266589597630702,0.08513700386036438,0.04702615393159213,0.019072368024310418,0.0294356295089702,0.09688522951851561,0.06770453500350372,0.047185658390079974
2024-08-27,0.16376633978229854,0.12666484983976214,0.14067472137355994,0.11290675257676265,0.06263335266374347,0.08518492026115423,0.04847120124453484,0.019427269443754728,0.02948406703793216,0.09581897724829908,0.0677784219680829,0.047189126560115494
2024-08-28,0.16292180261676698,0.12484755471731643,0.1414816375511728,0.11295080890450873,0.06374867992132889,0.08550821467488474,0.04814110952082189,0.01919118930131048,0.02944053873070241,0.09580986717533871,0.0680244657465011,0.0479341311393469
2024-08-29,0.16211773376884686,0.12494053533094047,0.14009045674932483,0.11365806463220911,0.06516563752074972,0.08582031092034406,0.04832764054136835,0.01922517788965174,0.029299012591886848,0.09532837584410674,0.06811086394854036,0.04791619026203091
2024-08-30,0.16386718851636467,0.12527864956278417,0.14008952757520596,0.1152418428079779,0.0646593720178359,0.08551582992374021,0.04778442689902685,0.018966682292935653,0.029019369369792897,0.09412499767776868,0.06784275340463007,0.04760935995193691
2024-09-02,0.16278437836540213,0.12491828906718071,0.1398386111879556,0.11530230492081303,0.06498769362124392,0.08628727621720975,0.04782928990352966,0.019156920335987558,0.02897158398328296,0.09428714264094197,0.06775585401118785,0.04788065574526472
2024-09-03,0.16451289245732933,0.12472161344993997,0.13957411914209275,0.11815710935382913,0.0653199098871272,0.08519390837836976,0.04638135129272857,0.018951838005116076,0.02883400375403765,0.0937367610923318,0.06697156871484469,0.04764492447225319
2024-09-04,0.1643561191630691,0.12499661263858955,0.14077888797823976,0.11713529463231033,0.06456762365025673,0.08505734703841913,0.04605707945104545,0.018622121092990003,0.028705555691198897,0.09395391814789095,0.0674213700174497,0.048348070498540285
2024-09-05,0.16362785145528375,0.12729580921283584,0.14122216651916486,0.11697797012332758,0.06404243391923863,0.08456559822064577,0.04530703267976324,0.01859915543846823,0.028567207100172014,0.09410102883824165,0.06771047093689089,0.04798327555596768
2024-09-06,0.1650863355461965,0.12708660856435905,0.13946717728682914,0.11724798625210726,0.06435646990365676,0.08444764989593825,0.04549108483345128,0.018683221397409466,0.02865036718928394,0.09373064429954378,0.06781629756643273,0.04793615726479166
2024-09-09,0.1635189455797902,0.12828620209871208,0.1406633177517727,0.11605713370853867,0.06390084570426907,0.08486416292539821,0.04571708303939508,0.018924697485203725,0.028820419269574328,0.0938644719777621,0.06809081028998504,0.047291910169598834
2024-09-10,0.16538309692502767,0.1309127688914181,0.1402279682419307,0.11446234423812579,0.0631202390909946,0.08401008328619686,0.044749236970845,0.018604240408049828,0.028245831225569687,0.09444184708235032,0.0679085006795152,0.04793384295997626
2024-09-11,0.16513710914110316,0.12921299214962745,0.14055445627145766,0.11598949400192991,0.06338435235308232,0.0846781128553927,0.044585956332324865,0.018826694800878195,0.028092827228598374,0.09403780791399569,0.0677212340896571,0.047778962861952545
2024-09-12,0.16570668471299946,0.12971749552282869,0.14035311405027892,0.11619697093843742,0.0634388193252913,0.08430986252617283,0.043875167691442986,0.018960168687140098,0.02791313519634955,0.09410096867252352,0.06759052332513138,0.047837089351403746
2024-09-13,0.16491024460102022,0.1301138435875812,0.13834859873862854,0.11634911192028714,0.06382683290937168,0.08378408955830616,0.04513369725284989,0.01941137397327073,0.02816626548645516,0.09469987385629151,0.06751847386879918,0.047737594247138596
2024-09-16,0.16348249077150886,0.12937126176575714,0.13885354182372678,0.1169454857961635,0.06376169666546581,0.0840630425069808,0.04503756380023905,0.019967100961534864,0.028554992120365365,0.09454347920294678,0.0676434861177104,0.04777585846760049
2024-09-17,0.16267310701053403,0.1265176054207842,0.13990823334224053,0.11693129343014295,0.0639891824645748,0.08392307078667596,0.04585209233771674,0.02020762067581076,0.02870050177902448,0.095150523029694,0.06787384089999346,0.048272928822808064
2024-09-18,0.16163639728671475,0.12682318211568708,0.13978286605201326,0.11707530826982024,0.06407635195786994,0.08379705390222358,0.04571656312914533,0.020398293623680945,0.02844700299517536,0.09596560589546314,0.0677989017942075,0.048482472977998896
2024-09-19,0.16235995317290786,0.12759561914649198,0.1432945390869206,0.11397721006771601,0.06242135800026531,0.08125647385624156,0.046108810555448305,0.01996231535953951,0.028181450310982355,0.09610811499689183,0.06921797222212671,0.04951618322446796
2024-09-20,0.16208938430944564,0.12874475067459354,0.14483958344692335,0.11229246597101757,0.062274375114418856,0.0800458238203361,0.045880049249122944,0.019465738665320614,0.027886989495546414,0.09745704887984033,0.06953785864217052,0.049485931731264136
2024-09-23,0.16142937179258063,0.12955261332204573,0.146061005116814,0.11199671448127833,0.06165295923213399,0.07856052501410203,0.04581998622965683,0.019280766114819697,0.02789648066106305,0.09756731589512956,0.06973637503624154,0.050445887104134626
2024-09-24,0.16136738520392913,0.13106906378551667,0.14666245240428413,0.1109425806838745,0.06102601023031456,0.07784388280476971,0.045323763009583025,0.019405336078472512,0.028107799085052693,0.09858767831725342,0.07010672373041049,0.04955732466653929
2024-09-25,0.16105173687386082,0.12786410277417648,0.14530919382259241,0.11253592586211571,0.061176871173632304,0.07799909520174772,0.04717856657143316,0.01981558688061209,0.029340714909836776,0.09769896213950888,0.07052955034970734,0.04949969344077641
2024-09-26,0.16165380064159968,0.12770245857591453,0.14525540263512796,0.11288530706369276,0.06102643150924963,0.07800570478247448,0.047183895352999286,0.01940678745195512,0.02952591067492731,0.09677433445397246,0.07091908467098297,0.04966088218710401
2024-09-27,0.16174837801261913,0.1280998134799969,0.1469967234512928,0.11191875440715597,0.06061261215590206,0.07759580488318461,0.04779582949027133,0.019365289238962496,0.02996398067939415,0.0960874530628253,0.07042647168602295,0.0493888894523723
2024-09-30,0.1632465026457766,0.12434058656291219,0.14119450268309192,0.11015121741400082,0.06448249130722031,0.08498407556323034,0.0460140415476402,0.01976423783016205,0.03196927052073802,0.09715922359035094,0.06870463549933992,0.047989214835536746
2024-10-01,0.16330402273360567,0.12514035624338712,0.1395914886173822,0.11040157245272413,0.06400859193666443,0.0849604012803548,0.04699690197505848,0.020169865054611973,0.03264877200984937,0.09707823287245355,0.06851746053488922,0.047182334289019044
2024-10-03,0.16227721054673858,0.12336545648469392,0.14012291772562246,0.11137260241011135,0.06482507024561755,0.08513029853582237,0.04720947248490279,0.020035544113611914,0.0322723607759398,0.09816151282357127,0.0681130133047355,0.04711454054863236
2024-10-04,0.16344783968747684,0.12379078431335454,0.1403932877869939,0.11057146157495006,0.0653540543271164,0.08521108595360294,0.04696165890776205,0.02062392654036257,0.03271407737164278,0.09653726389184988,0.06729750197478018,0.04709705767010783
2024-10-07,0.1622432145746549,0.12319469965827327,0.13783562743853106,0.11163926623250231,0.0669211130216955,0.08652522071305686,0.04751805312045653,0.020251939099873634,0.03302071690496116,0.09683780111829204,0.06703725490949165,0.04697509320821103
2024-10-08,0.16497599815914532,0.12297078350979707,0.13703668571128216,0.11206213908741904,0.06772683462806924,0.08725651219844074,0.04663017275757337,0.019916600073813913,0.03266428359341882,0.0961781503273421,0.06566055722603108,0.04692128272766727
2024-10-09,0.1642180488576107,0.12231449170830844,0.13743187479677035,0.11282954532991253,0.06821315302599705,0.0868401919417287,0.04601590716331171,0.019560668098486077,0.03169653595820573,0.09686667874959742,0.06699765106893557,0.0470152533011358
2024-10-10,0.1604846574693178,0.12130038993495701,0.13521264862447582,0.11519756238273941,0.06901390671783854,0.08766446923655176,0.04682603138903545,0.020081241158104828,0.03190737098004833,0.09765202538621813,0.0669050448507286,0.0477546518699844
2024-10-11,0.16013555450618197,0.12032796744264027,0.1346323054429828,0.1147985678078076,0.06762544820829945,0.0868863938692936,0.04685779145966235,0.019848012789221506,0.03194732763821576,0.1014418023846985,0.0679068320832335,0.04759199636776268
2024-10-14,0.15863359583605638,0.12138235809062534,0.13438654725566757,0.11658321504415456,0.06808594040039152,0.08514550274745522,0.047886444734866626,0.020118936947424643,0.03208498745889089,0.10162294060242391,0.06733547539890283,0.046734055483140434
2024-10-15,0.1604229403475009,0.12084582565002758,0.13299127167832275,0.11684544952387153,0.0684735268026403,0.0843339593834475,0.047297020266801035,0.019735269905577602,0.031411328374640377,0.10248291535579626,0.06839925808092541,0.04676123463044896
2024-10-16,0.16132600976398542,0.12080383062960376,0.13236230238742558,0.11802225317964427,0.068652016904516,0.08413086898196612,0.04638647785500266,0.01929564994651258,0.030951785451411303,0.10189037564393018,0.06840108542701313,0.04777734382898908
2024-10-17,0.16051574220365344,0.12149219156873572,0.13194715827010528,0.11839544095410513,0.06766671423871243,0.08416724798551338,0.04704884433237496,0.019237706963185112,0.031052382957691946,0.10145906508723332,0.0694371450532319,0.04758036038545745
2024-10-18,0.16054020541835307,0.12070188644999921,0.12861060482443823,0.11961828901558329,0.06997897656667118,0.08521182489009585,0.047579962934013474,0.018798411075318388,0.03075710250643294,0.10169598096472982,0.0689601337290116,0.04754662162535278
2024-10-21,0.16013291012535244,0.11998823355670567,0.12732294201512875,0.11920604347429918,0.06696399636732911,0.08588078644592337,0.04888704006821198,0.01953421393408628,0.03142237968626443,0.1022791530014571,0.06945539581114779,0.048926905514093955
2024-10-22,0.16051080755839855,0.11998084859146173,0.1286686587859679,0.11932822603008694,0.06658042775223877,0.08571867359488654,0.04840175930196753,0.019386118673082813,0.03162172292011481,0.09865393322032774,0.07200989048493181,0.04913893308653474
2024-10-23,0.16119469942346354,0.12042257485965936,0.12947065793966064,0.11971554327254269,0.06707918601353309,0.0850514603952128,0.047518027876704595,0.01874645230211817,0.030924282385019812,0.09800668151344155,0.07200017999522762,0.049870254023416064
2024-10-24,0.16059632616733358,0.11933253924015237,0.12810777809606777,0.12114072003869301,0.06782112490752928,0.08606568930083074,0.047276866158496356,0.018840258227197947,0.030571663164078423,0.09819590314185993,0.07284117680977592,0.04920995474798478
2024-10-25,0.1602022722830537,0.11419356164865929,0.12630631709998455,0.12300283463354302,0.06852576114235077,0.08703435533665477,0.04625763540785977,0.019323694152715686,0.03109764116912356,0.09943526178347241,0.07458532870033101,0.050035336642251446
2024-10-28,0.1632058910470434,0.11482012741751253,0.12596063244673983,0.123049857869444,0.06822862249840515,0.08692419162425861,0.04529180573158756,0.018727372469899722,0.03033552509883177,0.09944707739340028,0.0740482973319434,0.049960599070933746
2024-10-29,0.1625846654067164,0.11609822040085326,0.12562928308528137,0.12339199315471239,0.06782919526960705,0.08697039038299291,0.045884016600367616,0.018997199867101945,0.030831087894187002,0.09762991417128185,0.07309678256914327,0.05105725119775477
2024-10-30,0.1635011531665872,0.11457741191904314,0.12509702322537916,0.12312119640639428,0.067495019588687,0.08644859071888059,0.04582956642814413,0.018874034466587402,0.03090346262859627,0.0979918514596229,0.07367868419370605,0.052482005798371985
2024-10-31,0.1632465026457766,0.12434058656291219,0.14119450268309192,0.11015121741400082,0.06448249130722031,0.08498407556323034,0.0460140415476402,0.01976423783016205,0.03196927052073802,0.09715922359035094,0.06870463549933992,0.047989214835536746
2024-11-01,0.16439044980728384,0.1246004751244307,0.142145284590541,0.10713391699056875,0.06367451832214296,0.08361280443473901,0.04643810314585609,0.020047375430642726,0.03228530948390208,0.09819197593564916,0.06961943756302394,0.04786034917121965
2024-11-04,0.1642873506234594,0.12459556450501967,0.14283251265005711,0.1062163754333916,0.06356986608542531,0.08363535278380682,0.0465940825756209,0.02016879672613546,0.03242401410047781,0.09858181405409056,0.0694268692964313,0.047667401166084186
2024-11-05,0.1638950563657489,0.12513066534362338,0.14188710143462754,0.10754768132065007,0.06426604342563615,0.08399221252392053,0.04589960115201982,0.019912704341276434,0.032115134209237256,0.0986447087183762,0.06913995303921718,0.04756913812566652
2024-11-06,0.16124010706265562,0.12406187734745952,0.14188680200087245,0.10741698766079763,0.06346243121679496,0.08354022194521499,0.0471410841347886,0.020353463207560398,0.033043040655665594,0.09951033452774277,0.07039522443205139,0.047948425808396165
2024-11-07,0.1594235341469687,0.12284488536745522,0.14083970860916248,0.10988430990798972,0.06511142236986234,0.08593839083748482,0.047233086423514405,0.020425557427071153,0.032894440908856085,0.09850976178001634,0.06936917895020749,0.04752572327141122
2024-11-08,0.1600811605196928,0.12292622923845938,0.1415699663433149,0.11068670370962301,0.06507253706918018,0.0871067958848589,0.043693672660330064,0.02055495982215426,0.03267337963636603,0.0986915022874373,0.06977418387378506,0.047168908954798354
2024-11-11,0.15958092966530646,0.1240971118532653,0.1431282896636203,0.1106403734185038,0.06581632380559874,0.08672578655041167,0.04370135810716566,0.020061684902996167,0.03183196851562258,0.09829029545096345,0.06984883487024496,0.04627704319630111
2024-11-12,0.15892654251207228,0.1230507991681791,0.1418369999040219,0.11223189265173912,0.06678002308058067,0.08764859228455775,0.043951145739295885,0.019568042234138435,0.031223328796012795,0.09801183386804437,0.07019376553398168,0.046577034227375975
2024-11-13,0.15877026455533763,0.12252480518116853,0.14149315637469104,0.11342985323777231,0.06760756433722695,0.08829428975307423,0.04403859994670011,0.019286691841271738,0.031280837211643216,0.09748459969995184,0.06880657572682404,0.04698276213433832
2024-11-14,0.1601939722494005,0.12396718043793263,0.1416310205734672,0.11410887234350947,0.06829309150840636,0.08820870612749619,0.042784247447544575,0.018863607498666935,0.030508689360714103,0.09657450624619071,0.06802817112475172,0.046837935081919614
2024-11-18,0.15933420489455527,0.12111574917772072,0.13941060302316421,0.11466108337546592,0.06869584602556178,0.08881678806149604,0.043177045832982014,0.019429235916575912,0.03048902817817283,0.0985009936608918,0.0690355915534426,0.0473338302999708
2024-11-19,0.15930141713314194,0.12264089014155552,0.1411413139980083,0.11301500199639518,0.0666399236261074,0.08598050531826978,0.04474134875270532,0.01960699274027822,0.03115621072125925,0.09920924363072532,0.06943553020425541,0.04713162173729822
2024-11-21,0.15961504180271205,0.12203660954334274,0.14123772917526264,0.11215349392438562,0.06714623830056303,0.08643131389786192,0.04399313197964347,0.019139777241532527,0.030777899786613563,0.09952242350633883,0.07096636778972457,0.04697997305201899
2024-11-22,0.156387728893204,0.12083978184995987,0.14128109318449947,0.11331255123514487,0.06759924350998546,0.08728686610682086,0.0446196093798351,0.019299683848664283,0.030996425271423923,0.10022527522228099,0.07104001923737363,0.047111722260807384
2024-11-25,0.1583953812447469,0.12096805925282497,0.14006906387488696,0.11427082236065138,0.0683948405519768,0.0887385437057767,0.04379822814425214,0.018994224970087896,0.03078889720504699,0.09913975461218685,0.06947431458303531,0.04696786949452714
2024-11-26,0.1578511956773507,0.12129470475774322,0.1395550842951807,0.1129646281455485,0.06740485774586734,0.08949710777099422,0.043967335761738946,0.018807165429812128,0.030735156409835287,0.09998964757316738,0.0705027830856151,0.047430333347146435
2024-11-27,0.15727215139917342,0.12117789622994803,0.13949597030099634,0.11296990443290832,0.06835323285406326,0.08990807128694786,0.04420243132370819,0.01906232949639255,0.030780014843821597,0.09918348589545754,0.07021274465042367,0.04738176728615934
2024-11-28,0.1571812804782119,0.12149675339466985,0.13996549058637903,0.11241118770402843,0.06833333003840236,0.08944951807183055,0.043849882624398574,0.018983953916117617,0.030778231233214024,0.09911434253321454,0.07123091779526868,0.04720511162426439
2024-11-29,0.15885895223774782,0.1220987631380092,0.13971465536504007,0.11107552376255193,0.06691542946328051,0.08895768396050019,0.0437787357937928,0.01943078486263566,0.030994605172788625,0.09925061477781456,0.07153797213802768,0.047386279327811046
2024-12-02,0.15867832721029543,0.12316178216757252,0.13891479145732272,0.11094793619623483,0.06662301116601783,0.08905282901364014,0.04395785131401425,0.019537056134967586,0.031086557537332398,0.09909267777666425,0.07129446869254728,0.047652711333390774
2024-12-03,0.15824833345241784,0.12187647878409419,0.13947305854075193,0.11194563108589571,0.0671640849757224,0.08884825252733494,0.04422455437815369,0.0197255848656897,0.03137380603456244,0.09809895504225523,0.07137633157442724,0.04764492873869465
2024-12-04,0.15629030208727862,0.12173436400839067,0.13971123639615277,0.11279684662179305,0.06742408380850959,0.08915320048080944,0.044436655938922244,0.01982849672807161,0.03131829661086186,0.09761262069057612,0.07203886552174334,0.047655031106890754
2024-12-05,0.15445168183189825,0.12080642194430702,0.13943774423612335,0.1131820355400736,0.06730679706955299,0.0902023086771251,0.04412679448473352,0.020031568283942973,0.031163552716496724,0.09801365785300363,0.07335497381976358,0.04792246354297919
2024-12-06,0.15301403536495461,0.12104003337104509,0.13849236509130697,0.11358821948743798,0.06823130408853942,0.09153458398694851,0.04419248299006608,0.0198058782180806,0.031105092740676365,0.09799257302688372,0.07283055341777346,0.0481728782162873
2024-12-09,0.15422857417248528,0.1205315331355365,0.1386508447601847,0.11352611708141802,0.06780100568639542,0.0911659798055848,0.04415206272832953,0.020118981132157508,0.031367161447769916,0.09810459249437226,0.07245343698554005,0.04789971057022605
2024-12-10,0.1533357976489275,0.11737151308563715,0.13728727789639003,0.11361261563677316,0.06835182580932081,0.09198427949654403,0.0445316195634508,0.020655800101056176,0.0319402831867986,0.09935461967838063,0.07355114461037325,0.048023223286347845
2024-12-11,0.153107538591765,0.11690510170408601,0.13605094291436784,0.11489100015819025,0.06905924696284922,0.09134476652032927,0.044285146229015165,0.02135164314002539,0.031952001616557306,0.09956894182645516,0.07328821878515344,0.04819545155120577
2024-12-12,0.1527453071488955,0.11687332389583367,0.13741849144557888,0.11434571820188265,0.06983101975915576,0.09106295197177222,0.04430509221231728,0.021146581941261414,0.03194951255703938,0.09937607725077127,0.07295048137614031,0.04799544223935176
2024-12-13,0.15205021958825887,0.11475593317388572,0.13712600035314754,0.11529007547267277,0.07067205366620731,0.09213242698282052,0.04442912767651635,0.02138257742565927,0.03216359574920307,0.09847494784191545,0.0732000576751821,0.04832298439453094
2024-12-16,0.15328769876063128,0.11555904189069126,0.13727111167741965,0.1158216339880893,0.07026855296877259,0.09141180794144381,0.04346166252414603,0.02109378972055327,0.031391182108786594,0.09932337920580224,0.07280610259570673,0.04830403661795712
2024-12-17,0.15429637424885503,0.11512937060646641,0.13724078238051957,0.11570645337327565,0.0700210116345658,0.09078673651812788,0.04317023381315641,0.020746658870052132,0.031344995821337346,0.09988926413154119,0.0730132002977512,0.0486549183043515
2024-12-18,0.15557371104719486,0.11607601053922427,0.13632363244987453,0.11657386771847557,0.07056021812705741,0.08984590795950742,0.04264168071538548,0.020415102095696594,0.031189759704776967,0.0996941930471727,0.07244135942213217,0.04866455717350203
2024-12-19,0.15630814904616552,0.11618902630969877,0.1357660962450989,0.11747195534158766,0.07084144580309433,0.0904905288234144,0.04232519773573435,0.020038716050752987,0.031011825531743146,0.09973565590642368,0.07174290426555166,0.04807849894073451
2024-12-20,0.15667193744479743,0.11747781587848889,0.13549999330691997,0.11716131141274527,0.07041532583641333,0.08987120838190645,0.042536187290989964,0.020058603056585758,0.03108677344214478,0.09980034379071004,0.0718298346921887,0.04759066546610933
2024-12-23,0.15750358405354511,0.11728032043744298,0.1369725296328287,0.11686469600476355,0.07020022212409903,0.08856014159811673,0.04247973901703745,0.01993253879157905,0.030814458458332045,0.09967984686126996,0.0716170044687809,0.04809491855220459
2024-12-24,0.15989375628362498,0.11689992877298536,0.13548707559219705,0.11572883186789609,0.06990104791065069,0.0878307309119532,0.04303180013119178,0.02054044545716592,0.030873255046652517,0.0992464939493793,0.07241831094069731,0.04814832313560583
2024-12-26,0.16112725048546062,0.11660039367552791,0.1362835137469218,0.11523036666153079,0.0692686099816906,0.08817862507833382,0.04252897204261826,0.020558636933997485,0.030548887370137785,0.09934433633921726,0.07221988261484123,0.04811052506972246
2024-12-27,0.16090759989627762,0.11666760668922987,0.13546716607516057,0.11566642655753417,0.0693317564103345,0.08811554074877359,0.04269283558578809,0.020565684666191485,0.030598825593057363,0.09973429240818958,0.07205251576859004,0.0481997496008731
2024-12-30,0.16125499070449825,0.11694096536311789,0.13627959424411631,0.11498473806580975,0.069581321234955,0.08791164238146817,0.04186782930960768,0.020150658515600474,0.03024347782776765,0.10000851243539323,0.07226051653163133,0.04851575338603423
2024-12-31,0.1632465026457766,0.12434058656291219,0.14119450268309192,0.11015121741400082,0.06448249130722031,0.08498407556323034,0.0460140415476402,0.01976423783016205,0.03196927052073802,0.09715922359035094,0.06870463549933992,0.047989214835536746
