Date,HCLTECH,HDFCBANK,HINDALCO,HINDUNILVR,ICICIBANK,INFY,ITC,JINDALSTEL,KOTAKBANK,NESTLEIND,TATASTEEL,TCS
2024-01-01,0.3609999821312001,0.0,2.0220005220811246e-17,2.0794688918393905e-17,0.0,1.0825793873413342e-17,0.26802427715149574,0.1607871209555185,1.3742209588753508e-17,0.12060858625429907,0.08958003350748653,1.6826247833020952e-18
2024-01-02,0.36148872562093276,0.0,1.9861731390814596e-17,2.05040875134524e-17,0.0,1.0770161997007567e-17,0.2686091717574077,0.15821766907708917,1.3604604563207988e-17,0.12289143329762928,0.08879300024694091,1.672628299758403e-18
2024-01-03,0.3591564097313916,0.0,2.013969415543328e-17,2.0251367599669225e-17,0.0,1.0686024331436052e-17,0.2707789544813121,0.15854515154146656,1.3332192202856808e-17,0.12260616278129724,0.08891332146453225,1.6656106657364806e-18
2024-01-04,0.3554881543489774,0.0,1.9584009222015673e-17,2.0431045330042775e-17,0.0,1.0497996048369103e-17,0.27795993903169863,0.15797955986368098,1.3494040316398042e-17,0.12135914437540672,0.08721320238023628,1.644330419766154e-18
2024-01-05,0.3513040171248975,0.0,1.9511850995057644e-17,2.0333866077143614e-17,0.0,1.0664518046842508e-17,0.277636359860451,0.16087376148479712,1.3485734674377039e-17,0.12362799786608963,0.08655786366376463,1.6342267358172936e-18
2024-01-08,0.3554374515325246,0.0,1.9448416182468483e-17,2.0604875167208226e-17,0.0,1.08335463802537e-17,0.27695212063224733,0.15931473156927758,1.3405945084776478e-17,0.12189270147694477,0.08640299478900561,1.6703990873366463e-18
2024-01-09,0.3622403921608365,0.0,1.9301523253851287e-17,2.044871726758945e-17,0.0,1.0856243162767347e-17,0.27432949908588716,0.15660885511660852,1.3362714612348452e-17,0.12075866640018118,0.08606258723648669,1.6577554131518708e-18
2024-01-10,0.36362105050058563,0.0,1.9152721478798922e-17,2.0362801058277163e-17,0.0,1.0850461811886641e-17,0.27246087459643953,0.1582399741444977,1.3302839393863472e-17,0.11895629106316777,0.08672180969530935,1.6550334395308144e-18
2024-01-11,0.3687787974026035,0.0,1.914705395828953e-17,2.019447293190218e-17,0.0,1.0704376493721459e-17,0.26972726363136623,0.1577006196392537,1.3162612645445318e-17,0.11742012499529546,0.08637319433148123,1.6531560853672607e-18
2024-01-12,0.36782293719053666,0.0,1.9088752985823174e-17,1.9917603902678946e-17,0.0,1.0547703891143829e-17,0.26997152636552585,0.15837872263848943,1.3207894806795649e-17,0.11673747665383663,0.08708933715161145,1.6670185559342756e-18
2024-01-15,0.3753546225391522,0.0,1.893757095024564e-17,1.964696239940494e-17,0.0,1.1195434272759245e-17,0.2678106399301568,0.15648125172208863,1.3062582368567185e-17,0.11445698209416601,0.08589650371443636,1.7039447008671954e-18
2024-01-16,0.3824890196997555,0.0,1.848356362945924e-17,1.964581717142941e-17,0.0,1.1337791876661204e-17,0.26526675111956827,0.15451786310535312,1.3042153721123046e-17,0.11306058535490021,0.08466578072042281,1.693621577971448e-18
2024-01-17,0.3749392203642364,0.0,1.8657964293976476e-17,1.963218432070168e-17,0.0,1.120685046560392e-17,0.2681743904072037,0.1577499747808657,1.3029227003882189e-17,0.11291813716213167,0.08621827728556244,1.6766922973070602e-18
2024-01-18,0.38277620030418885,0.0,1.817467483918531e-17,1.9734707121168892e-17,0.0,1.1352497779551367e-17,0.26696573977476307,0.15309521756604486,1.2643366277069107e-17,0.11382940665573846,0.08333343569926462,1.699720680055182e-18
2024-01-19,0.38282195582939355,0.0,1.8099170586637635e-17,1.9726844319477098e-17,0.0,1.1431036440387943e-17,0.26778708932166717,0.15341752110034249,1.2695090639719215e-17,0.11259976325689607,0.08337367049170072,1.7168977329344536e-18
2024-01-23,0.38161693155301174,0.0,1.7970480004066047e-17,1.9642459571046262e-17,0.0,1.1419185801312456e-17,0.2682466213629851,0.15373845983642623,1.2463565591668102e-17,0.11189841457415006,0.08449957267342673,1.7275094742350244e-18
2024-01-24,0.3822686923159164,0.0,1.8002500374918e-17,1.8749643285965326e-17,0.0,1.1650305296666345e-17,0.26936246274961556,0.1509594037210107,1.299494566803056e-17,0.1129971702425017,0.08441227097095562,1.742475068062679e-18
2024-01-25,0.3862687413007016,0.0,1.835345991652868e-17,1.8821396494948024e-17,0.0,1.1608673228354526e-17,0.2655361551000312,0.14990734558420918,1.2720692994926924e-17,0.11264632824753315,0.08564142976752477,1.6945349747427307e-18
2024-01-29,0.38414462334728333,0.0,1.8627749253323424e-17,1.892956768309673e-17,0.0,1.1695434175597971e-17,0.2639256078418718,0.15374414414600343,1.2718852269170043e-17,0.1124756111264244,0.08571001353841701,1.6995928137180457e-18
2024-01-30,0.3873467386067597,0.0,1.8515965497921028e-17,1.8917379793017734e-17,0.0,1.152396782512638e-17,0.2586544506860764,0.1557122656953728,1.3016092950180802e-17,0.11240064121263836,0.08588590379915269,1.6831931782970745e-18
2024-01-31,0.3609999821312001,0.0,2.0220005220811246e-17,2.0794688918393905e-17,0.0,1.0825793873413342e-17,0.26802427715149574,0.1607871209555185,1.3742209588753508e-17,0.12060858625429907,0.08958003350748653,1.6826247833020952e-18
2024-02-01,0.36129889145541066,0.0,2.037755987079121e-17,2.0783169083429726e-17,0.0,1.0781292284457203e-17,0.26752436247090294,0.16155146928502734,1.3620161531909333e-17,0.12009791404226657,0.08952736274639252,1.6729245659561348e-18
2024-02-02,0.36328578028612996,0.0,2.0185220210859286e-17,2.0812024238089996e-17,0.0,1.0805852475510234e-17,0.26957845647663065,0.15914472800558704,1.3664165476121782e-17,0.11881204846144289,0.0891789867702093,1.6974556415920642e-18
2024-02-05,0.36107088530531134,0.0,2.0410207798205287e-17,2.0427295519037177e-17,0.0,1.0931239676641095e-17,0.26517352470657496,0.16465922183383375,1.3527890122891855e-17,0.11826237546144337,0.09083399269283648,1.7292376587912784e-18
2024-02-06,0.3579869393570994,0.0,2.0478254996047938e-17,2.0344312105498653e-17,0.0,1.0995691248004605e-17,0.2664622836863995,0.16347037970885506,1.3547872089388274e-17,0.1184934975669285,0.09358689968071747,1.7488547656180436e-18
2024-02-07,0.367362418170113,0.0,2.0302890055364778e-17,2.0054286671606402e-17,0.0,1.1078994543649073e-17,0.25794589048051453,0.1644963460019482,1.3159807243450559e-17,0.11618837773840043,0.09400696760902374,1.7894488771995596e-18
2024-02-08,0.36542839641759356,0.0,2.055613593333381e-17,2.0045006905271363e-17,0.0,1.0849301972602644e-17,0.25816136298065856,0.1643654538987287,1.3199835396236107e-17,0.11820890090513377,0.09383588579788542,1.7665291139024427e-18
2024-02-09,0.37229900448589087,0.0,2.102252611541977e-17,2.0121339238342633e-17,0.0,1.0917818295158298e-17,0.25346651030274736,0.16478003232000926,1.2829603214131311e-17,0.11542483356367964,0.0940296193276727,1.801512220143663e-18
2024-02-12,0.37294422094962126,0.0,2.074937516301064e-17,2.025508851346958e-17,0.0,1.0810871666420613e-17,0.25498710235906324,0.162090047745495,1.297197848317697e-17,0.11714512997621139,0.09283349896960906,1.8080013228641106e-18
2024-02-13,0.3823860762447315,0.0,2.049929431951598e-17,1.9992377362152374e-17,0.0,1.0912682028558584e-17,0.2504174099911303,0.15873729329186956,1.276470580993097e-17,0.11792091932894029,0.09053830114332836,1.8076477420346778e-18
2024-02-14,0.38270403046322626,0.0,1.7982431876325466e-17,2.0095313616841098e-17,0.0,1.095955980538541e-17,0.2507671564037141,0.15751179331130108,1.2992092970985996e-17,0.11803297794961563,0.09098404187214283,1.8232717412184124e-18
2024-02-15,0.37929225434387936,0.0,1.7679132929128867e-17,1.9795709347580475e-17,0.0,1.0705613140538625e-17,0.25057683065233216,0.16011839390914387,1.2917975207564918e-17,0.11797427079460139,0.09203825030004323,1.7792021214496314e-18
2024-02-16,0.37971350882112476,0.0,1.798327308021119e-17,1.9614829072362378e-17,0.0,1.0840839250772517e-17,0.2475175327610322,0.16265777382746663,1.2929829626303286e-17,0.1174746880421732,0.09263649654820315,1.7921208569366906e-18
2024-02-19,0.37900717975547243,0.0,1.7984254264416267e-17,1.972341929331234e-17,0.0,1.0951702900870257e-17,0.24675796090233446,0.16278775389114578,1.2838258130594534e-17,0.11853643532757688,0.09291067012347044,1.7944405359389757e-18
2024-02-20,0.3794977958263639,0.0,1.7805520418517722e-17,1.975547899184772e-17,0.0,1.0902635355362915e-17,0.24875341057169686,0.16002575952931516,1.2766637050962253e-17,0.11935299675966246,0.09237003731296166,1.777784169057826e-18
2024-02-21,0.37817545295925126,0.0,1.784922175598453e-17,1.9971873853274997e-17,0.0,1.085098582512849e-17,0.24778312794315055,0.16084964662228815,1.3045677023751109e-17,0.1210562252072789,0.09213554726803107,1.7527754978050177e-18
2024-02-22,0.3733114143240943,0.0,1.7914690525722996e-17,2.0062299033208197e-17,0.0,1.0694672260218188e-17,0.2469113942650718,0.16381842343094483,1.2966623455401747e-17,0.12165366216000435,0.09430510581988462,1.7414366909941068e-18
2024-02-23,0.3760688294035228,0.0,1.7830776686914807e-17,1.945528240716516e-17,0.0,1.0616508945536434e-17,0.24798740660199106,0.1626578806042826,1.2519367255490209e-17,0.11982537917823008,0.09346050421197333,1.742951445390644e-18
2024-02-26,0.37347527724420987,0.0,1.7831006642465405e-17,1.9609771880145534e-17,0.0,1.0645427919120656e-17,0.24749536886751988,0.16413337013224638,1.2581684887136351e-17,0.12121921358267838,0.09367677017334528,1.7373826373077007e-18
2024-02-27,0.37350533522241436,0.0,1.7542868762281968e-17,1.9884899006127582e-17,0.0,1.0642157293736325e-17,0.24857181690953414,0.16252019320293573,1.2573910640426571e-17,0.12263354307610685,0.0927691115890088,1.7322189791163353e-18
2024-02-28,0.3733238723249119,0.0,1.7598048675222074e-17,1.977603841422606e-17,0.0,1.0601260429327387e-17,0.24828058663581729,0.1625653307355704,1.2502911148713849e-17,0.12260720518070171,0.09322300512299878,1.766463681009369e-18
2024-02-29,0.3609999821312001,0.0,2.0220005220811246e-17,2.0794688918393905e-17,0.0,1.0825793873413342e-17,0.26802427715149574,0.1607871209555185,1.3742209588753508e-17,0.12060858625429907,0.08958003350748653,1.6826247833020952e-18
2024-03-01,0.3610767546496663,0.0,2.005715905245882e-17,2.057085271263307e-17,0.0,1.0767373795302544e-17,0.26485213887692466,0.16410586991300782,1.369383146833572e-17,0.12094645530316671,0.08901878125723453,1.661220260834151e-18
2024-03-04,0.3519869823325887,0.0,2.03860092060829e-17,2.0272015703478337e-17,0.0,1.0500563778855208e-17,0.26334415667848493,0.17161538101240473,1.3815322771842713e-17,0.11955935561670555,0.09349412435981601,1.6385539413120817e-18
2024-03-05,0.34952227598786056,0.0,2.0548256500340767e-17,2.030878379278581e-17,0.0,1.0355495297221616e-17,0.2622255808762586,0.17450432019148707,1.3766106506319503e-17,0.11860218777308952,0.09514563517130405,1.6277444216856405e-18
2024-03-06,0.3497735908419129,0.0,2.0686297116335293e-17,2.0368824837152135e-17,0.0,1.0285417868892296e-17,0.2635142359851692,0.17347933252422232,1.3841460573910888e-17,0.11771147021848997,0.0955213704302055,1.6199269363770486e-18
2024-03-07,0.3525838013238112,0.0,2.072812308220336e-17,2.0230157653889115e-17,0.0,1.0281592869487833e-17,0.26271180170445196,0.1734209067547481,1.409460836453093e-17,0.11660607539222952,0.09467741482475901,1.6291867242196517e-18
2024-03-11,0.34807142765731597,0.0,2.0924816713382234e-17,2.0207726849997034e-17,0.0,1.0183672670038091e-17,0.26402598500954205,0.1737186093217956,1.3876992576039069e-17,0.1168471123171758,0.09733686569417048,1.6323695665040804e-18
2024-03-12,0.34996806043876616,0.0,2.090846893112538e-17,2.0056187232747828e-17,0.0,1.0132577321390257e-17,0.26264031728708104,0.17221797454504867,1.3797317695265878e-17,0.11972968421045854,0.09544396351864551,1.6457519737013837e-18
2024-03-13,0.352731990699538,0.0,2.0924987946272254e-17,2.0153132903842424e-17,0.0,1.0310591744779212e-17,0.2620016393168668,0.16957396402443348,1.3857308389236112e-17,0.11991191371108145,0.09578049224808016,1.6900218101869889e-18
2024-03-14,0.35331019122083845,0.0,2.0140013372361505e-17,1.9679093737841422e-17,0.0,1.034349346653371e-17,0.2747993400895939,0.1612178631187127,1.3989313878464927e-17,0.12007556054453399,0.09059704502632082,1.6795377047243328e-18
2024-03-15,0.35904824431683474,0.0,2.0600905676553134e-17,1.961487152198942e-17,0.0,1.0478136425833949e-17,0.26952310464747037,0.16280176193573287,1.3914883929573902e-17,0.11992367942941906,0.08870320967054289,1.6817025204400761e-18
2024-03-18,0.35611786608914514,0.0,2.1118554723563054e-17,1.977350214204893e-17,0.0,1.047051372162585e-17,0.2721510452620709,0.1616880666775366,1.4035892151169778e-17,0.12082958247987824,0.08921343949136913,1.7050361085653625e-18
2024-03-19,0.3515770149452207,0.0,2.0843814083162492e-17,1.9334419163524076e-17,0.0,1.0162739617520734e-17,0.2682581924372812,0.16839362160464943,1.3886609327556207e-17,0.11850193395937031,0.09326923705347827,1.6605965076972793e-18
2024-03-20,0.34976047431792934,0.0,2.1410204554716208e-17,1.9483144985444766e-17,0.0,1.0122889696688361e-17,0.26906662320190977,0.16922943197152177,1.4293117675047572e-17,0.11719375991329731,0.0947497105953418,1.6260998373770876e-18
2024-03-21,0.3473196290731303,0.0,2.1189381492148216e-17,1.92790882284683e-17,0.0,1.0086404043123148e-17,0.2732601937979754,0.16678738511540736,1.4429868069735317e-17,0.11980566499367203,0.09282712701981487,1.6243936299049628e-18
2024-03-22,0.3434180520967731,0.0,2.1304915175937794e-17,1.8961973399101505e-17,0.0,9.917132295994006e-18,0.2723051523402712,0.1722327499208711,1.4244240752198853e-17,0.11797110138628059,0.094072944255804,1.5982143128155626e-18
2024-03-26,0.33493575465695336,0.0,2.1602350953751534e-17,1.9064106042533803e-17,0.0,9.615609992372915e-18,0.27679575323122446,0.17444794333619534,1.4264971024901257e-17,0.11877164994976334,0.09504889882586338,1.5717732820229818e-18
2024-03-27,0.33514614408211635,0.0,2.198398055596212e-17,1.8882838907971278e-17,0.0,9.491537941931634e-18,0.2755773365707078,0.17496453000167853,1.4051840750518148e-17,0.11909640065867183,0.09521558868682532,1.55493694225314e-18
2024-03-28,0.3333001238459268,0.0,2.2050292403395214e-17,1.8971219245028398e-17,0.0,9.481012988907806e-18,0.27713088495409366,0.174946023331685,1.4295825361561148e-17,0.11876057203839983,0.09586239582989463,1.5476764959964334e-18
2024-04-01,0.33022250193168284,0.0,2.1986220877208948e-17,1.903553365177753e-17,0.0,9.499640954747997e-18,0.27526820998186136,0.17697318184614955,1.426724240524469e-17,0.12043320729708348,0.0971028989432228,1.5501746263041326e-18
2024-04-02,0.33019115165919427,0.0,2.2123311435727653e-17,1.905255733867559e-17,0.0,9.402154726727123e-18,0.27186577509827825,0.1794289289168099,1.4186578576583107e-17,0.11773119947326073,0.10078294485245673,1.5529722677092425e-18
2024-04-03,0.3235276337782909,0.0,2.2180622412514693e-17,1.902161874692624e-17,0.0,9.304539026228011e-18,0.2707888262314845,0.1849625811673944,1.389528903137274e-17,0.11921211258082501,0.10150884624200522,1.5368690790366516e-18
2024-04-04,0.32559762533543557,0.0,2.24227999680843e-17,1.8870114259586593e-17,0.0,9.30421630568037e-18,0.2707678040873895,0.1863668493065331,1.3707599526320492e-17,0.11622899372243807,0.10103872754820374,1.5642634595963443e-18
2024-04-05,0.3267007460511109,0.0,2.2488001125960718e-17,1.8885228696129447e-17,0.0,9.350748132484476e-18,0.26945304351372057,0.1867330828191868,1.3862750696618727e-17,0.11613679970127624,0.10097632791470558,1.5879014803812732e-18
2024-04-08,0.3258570556858368,0.0,2.205078983184464e-17,1.8784772049140962e-17,0.0,9.245297094131955e-18,0.2708236986988727,0.1881232415294993,1.4060389525005967e-17,0.1148761313684562,0.10031987271733499,1.5685808403825003e-18
2024-04-09,0.3252920712530163,0.0,2.234841216745915e-17,1.8832114100102744e-17,0.0,9.245403043161004e-18,0.27225037367309685,0.18756690912847138,1.4109041509296835e-17,0.11326856734152507,0.10162207860389029,1.5685027842019574e-18
2024-04-10,0.32629884111476626,0.0,2.2869510338009553e-17,1.8844930441436608e-17,0.0,9.385260872861552e-18,0.2712635508870133,0.1862353825513923,1.4086866815225074e-17,0.11380191070340791,0.10240031474342019,1.5626032084722284e-18
2024-04-12,0.32406541116065796,0.0,2.32909852991598e-17,1.8705470781180912e-17,0.0,9.403776543940376e-18,0.27634706524611313,0.1841383662930245,1.435935391458419e-17,0.11424304913096876,0.10120610816923545,1.568264302771061e-18
2024-04-15,0.32314481193558625,0.0,2.3322820793629723e-17,1.863002646592104e-17,0.0,9.347027610690849e-18,0.27438860354727784,0.18570390980804308,1.4382330340029075e-17,0.11563210893543495,0.10113056577365771,1.5885999541276971e-18
2024-04-16,0.3221649146659565,0.0,2.405791537517212e-17,1.845480377850124e-17,0.0,9.31521059476358e-18,0.27384594692649133,0.18637193604494157,1.4376312617750353e-17,0.11734331752318353,0.10027388483942698,1.5770052180209715e-18
2024-04-18,0.3178481658497116,0.0,2.402946035209273e-17,1.8775692247371322e-17,0.0,9.020559478936491e-18,0.2752516587394017,0.18901588999601646,1.4405508842808497e-17,0.11759696119565126,0.1002873242192189,1.557590628529707e-18
2024-04-19,0.3187280099444423,0.0,2.4425082434102435e-17,1.8910569912557796e-17,0.0,9.140887832955737e-18,0.2733785085132731,0.191746704506476,1.450082029485111e-17,0.11486540069898094,0.1012813763368277,1.5686430396792784e-18
2024-04-22,0.3131723539315395,0.0,2.4397546709526063e-17,1.8972159579515844e-17,0.0,9.050314528249064e-18,0.27603845304920777,0.19543340034452517,1.448620355921468e-17,0.11321780929368727,0.10213798338104031,1.5474257745140168e-18
2024-04-23,0.3161628012073128,0.0,2.4471692927568238e-17,1.89968127022101e-17,0.0,9.159499609984544e-18,0.27553268764934463,0.19280601886943627,1.4580325970064154e-17,0.11383651473457473,0.10166197753933129,1.5580747158389064e-18
2024-04-24,0.31844293047590705,0.0,2.4038931177860556e-17,1.904561603691678e-17,0.0,9.15806162475989e-18,0.2761556647016393,0.18985839268877666,1.45053060857455e-17,0.11501371420129922,0.1005292979323777,1.5514517591496616e-18
2024-04-25,0.31481871188555377,0.0,2.4832881533173504e-17,1.890213935318935e-17,0.0,9.025632641010238e-18,0.27418666672223097,0.19416182714028984,1.464844080564644e-17,0.11422329351211899,0.10260950073980642,1.5241021228224887e-18
2024-04-26,0.3150119288237188,0.0,2.484783651729343e-17,1.835869363721794e-17,0.0,8.929465190862668e-18,0.27525479014174764,0.1922379309879172,1.2847606256899519e-17,0.11521121348234314,0.10228413656427303,1.5080715584535852e-18
2024-04-29,0.31231318261334223,0.0,2.5238599400441954e-17,1.850732713350484e-17,0.0,8.983465385453274e-18,0.2800664301575562,0.192362387327451,1.2730702547041262e-17,0.11293788759257085,0.10232011230907968,1.5136699346145354e-18
2024-04-30,0.3609999821312001,0.0,2.0220005220811246e-17,2.0794688918393905e-17,0.0,1.0825793873413342e-17,0.26802427715149574,0.1607871209555185,1.3742209588753508e-17,0.12060858625429907,0.08958003350748653,1.6826247833020952e-18
2024-05-02,0.3593597757634952,0.0,2.0256885553885208e-17,2.1056337195250322e-17,0.0,1.0832348695040538e-17,0.26929113110659236,0.16034534466350298,1.3748715773606946e-17,0.1217713980809251,0.0892323503854842,1.6787023750300876e-18
2024-05-03,0.3563357922033777,0.0,2.0081166322956113e-17,2.093066525783784e-17,0.0,1.0741445176040842e-17,0.27024515919401854,0.16178102688132662,1.3284897426056833e-17,0.12150724183575073,0.09013077988552638,1.6904560342670146e-18
2024-05-06,0.3565299888423533,0.0,2.0459285247118635e-17,2.105076257351099e-17,0.0,1.0862339349482982e-17,0.2713443638944137,0.16159267912163902,1.3170355495434839e-17,0.11996917996481443,0.09056378817677953,1.698454872005124e-18
2024-05-07,0.35821657223200903,0.0,2.0131865364696982e-17,2.135354108150894e-17,0.0,1.0900771254728175e-17,0.2694176017359425,0.16185073753126833,1.3786615244015069e-17,0.11964637028292983,0.0908687182178503,1.7271929736561342e-18
2024-05-08,0.35578014966973615,0.0,1.9556415606041813e-17,2.2531918802182812e-17,0.0,1.1021872490401037e-17,0.27303773675366855,0.15987209700835456,1.3960636048612358e-17,0.12220870513372646,0.08910131143451419,1.7536596476318628e-18
2024-05-09,0.35058910093920387,0.0,1.9943569247649893e-17,2.213299514689583e-17,0.0,1.0899851098021064e-17,0.27299968050508033,0.1629911135921679,1.3975844037911977e-17,0.12348765770824494,0.0899324472553028,1.7499503284500846e-18
2024-05-10,0.35783541679122377,0.0,1.98062210561495e-17,2.233304761169844e-17,0.0,1.1166219342873927e-17,0.26729373004062146,0.16164088112532896,1.4150334646482053e-17,0.1241667239239035,0.08906324811892212,1.769973871661086e-18
2024-05-13,0.35433445094985055,0.0,1.9866700108725416e-17,2.2531147127668206e-17,0.0,1.0976463457381984e-17,0.2706045718751574,0.16213937322606717,1.3923307720467825e-17,0.12428052814448347,0.08864107580444124,1.7283559145966048e-18
2024-05-14,0.35352803039331226,0.0,2.0122239822315834e-17,2.2518244786662138e-17,0.0,1.09678357673895e-17,0.2697304014187039,0.16372805696815293,1.4039883937293287e-17,0.12347756059083255,0.08953595062899819,1.752686331898308e-18
2024-05-15,0.35330897257491795,0.0,2.040056290741728e-17,2.2260765922242953e-17,0.0,1.0902981678299017e-17,0.2665664451487413,0.16936796517434397,1.398795359848415e-17,0.12123118397553187,0.08952543312646485,1.7202455749704855e-18
2024-05-16,0.3551047418230218,0.0,2.054351858032189e-17,2.192678064933852e-17,0.0,1.0824762476122151e-17,0.26436525357133644,0.1713191057889575,1.397214644192809e-17,0.11967896392143161,0.0895319348952526,1.7044809374027508e-18
2024-05-17,0.35608362332464266,0.0,2.035621980658619e-17,2.192424173601935e-17,0.0,1.0984252071355054e-17,0.2643315194197557,0.1718482388208871,1.4030491346629592e-17,0.11881262949242344,0.08892398894229109,1.711142210716475e-18
2024-05-21,0.3519757052848336,0.0,2.0412417962871366e-17,2.1701097308743262e-17,0.0,1.091091773681593e-17,0.2671820980034987,0.17352200713709803,1.4229638669129847e-17,0.11765953622417702,0.08966065335039261,1.6810584581981095e-18
2024-05-22,0.34903773445014846,0.0,2.1281329120400685e-17,2.1291513234763125e-17,0.0,1.0674149842056395e-17,0.2623291150822614,0.17995619681627134,1.4033423232036305e-17,0.11664620773458965,0.09203074591672915,1.6502140071350277e-18
2024-05-23,0.34770587250602486,0.0,2.0905592096880052e-17,2.1707531964876917e-17,0.0,1.0777292004757874e-17,0.2641669783944776,0.18058218695090508,1.3978597735061686e-17,0.11649554307232744,0.09104941907626497,1.6475828790408971e-18
2024-05-24,0.3488997782822062,0.0,2.0578998040737507e-17,2.175555139758614e-17,0.0,1.0860221450835159e-17,0.2638847588392167,0.1791876861572893,1.3995582781695142e-17,0.11622363461989646,0.09180414210139137,1.666721276049833e-18
2024-05-27,0.34907976147404235,0.0,2.0608749583153566e-17,2.177824159044272e-17,0.0,1.087906496228674e-17,0.26255978841051886,0.1795783663524443,1.4043554922964624e-17,0.11670273702831063,0.09207934673468383,1.6589913399828594e-18
2024-05-28,0.352033238194138,0.0,2.0799870867671893e-17,2.1973417134752187e-17,0.0,1.0951964408030917e-17,0.26036048196801886,0.17834698718076172,1.4140000380223074e-17,0.11661355920194022,0.09264573345514102,1.6619551973366116e-18
2024-05-29,0.3540734368452783,0.0,2.0947952436301983e-17,2.2123515616750414e-17,0.0,1.094201053842796e-17,0.2593747739433706,0.17757681693909053,1.4107688877242795e-17,0.11645953048746545,0.09251544178479504,1.6622162271975764e-18
2024-05-30,0.3533112475049902,0.0,2.1723955924007093e-17,2.1953776959869824e-17,0.0,1.0840929886543783e-17,0.26101125082440174,0.17551419440925511,1.400139319359018e-17,0.1178298460805013,0.09233346118085153,1.6494155261313407e-18
2024-05-31,0.3609999821312001,0.0,2.0220005220811246e-17,2.0794688918393905e-17,0.0,1.0825793873413342e-17,0.26802427715149574,0.1607871209555185,1.3742209588753508e-17,0.12060858625429907,0.08958003350748653,1.6826247833020952e-18
2024-06-03,0.35953583747136686,0.0,2.008685716474778e-17,2.0633567105414e-17,0.0,1.0902724829954485e-17,0.27014665625298473,0.16059585211525435,1.3687570623301729e-17,0.1183153694276961,0.09140628473269795,1.6562147554683907e-18
2024-06-04,0.3539815076164806,0.0,2.0112471675349545e-17,2.0699862533746575e-17,0.0,1.0805415167826682e-17,0.27037618317612067,0.16381469225053813,1.387920613908774e-17,0.117350255020061,0.09447736193679934,1.6568743816809064e-18
2024-06-05,0.36093269678155954,0.0,1.9285347125605953e-17,2.255118395721292e-17,0.0,1.1012924816398767e-17,0.27314809523156863,0.15293048127697723,1.3604777866581142e-17,0.12437980941693125,0.08860891729296327,1.7091265452355973e-18
2024-06-06,0.35832097726641,0.0,1.989581757224276e-17,2.2645218881231754e-17,0.0,1.0883956305672458e-17,0.27263629092599057,0.15435912074439348,1.3743923050205828e-17,0.12384118866796902,0.09084242239523693,1.6599950395614807e-18
2024-06-07,0.36507946312657547,0.0,1.8993092401980275e-17,2.1731101679310137e-17,0.0,1.0976594727628844e-17,0.27025037605027064,0.1547175116441777,1.3594157331471819e-17,0.11946095702550816,0.09049169215346789,1.662633801469139e-18
2024-06-10,0.3681003655712093,0.0,1.877405658066323e-17,2.1627100443277112e-17,0.0,1.1254791665159002e-17,0.2683058815834177,0.15190801767543666,1.3527655813292594e-17,0.11906597425190947,0.09261976091802678,1.663727424773646e-18
2024-06-11,0.3662671560157587,0.0,1.873900498820723e-17,2.160791056350891e-17,0.0,1.1049978234969634e-17,0.26798867211108346,0.15031191401930794,1.3518906164821961e-17,0.12172308755280946,0.09370917030104041,1.6551980152516689e-18
2024-06-12,0.3688758193763844,0.0,1.8644138749797848e-17,2.1532928457258437e-17,0.0,1.1020927437626828e-17,0.26560663545730273,0.1498350046284092,1.3320774198939617e-17,0.12142919267173649,0.09425334786616713,1.652430249734544e-18
2024-06-13,0.3695314785438487,0.0,1.857429945187235e-17,2.1190320565862148e-17,0.0,1.0886831999639452e-17,0.2638114639129685,0.15184096178609416,1.3219422160241315e-17,0.12058279597963328,0.09423329977745533,1.6351921391562557e-18
2024-06-14,0.3697995046703839,0.0,1.870512480358044e-17,2.0781345699916974e-17,0.0,1.091793512940619e-17,0.26179882860864917,0.15337884668414933,1.3260966190843064e-17,0.12090366341835207,0.09411915661846552,1.6500437894581995e-18
2024-06-18,0.3669299740831476,0.0,1.8809673750808325e-17,2.094696156076444e-17,0.0,1.0895429739332744e-17,0.26266311063209435,0.1552337979698026,1.3208137264489476e-17,0.12062482000412468,0.09454829731083073,1.6325873922927881e-18
2024-06-19,0.3697066045937594,0.0,1.87370290494978e-17,2.1070246247023894e-17,0.0,1.099917898064779e-17,0.262051418577858,0.1530460164550084,1.326811727076152e-17,0.12139120541719224,0.09380475495618185,1.630657901561225e-18
2024-06-20,0.372206799562985,0.0,1.8299207246998358e-17,2.0837758072916935e-17,0.0,1.110392682403889e-17,0.25912580194112594,0.15503989265208407,1.3488750518934628e-17,0.12032349746539134,0.09330400837841354,1.6261320036609719e-18
2024-06-21,0.3707024791254909,0.0,1.8644141324644604e-17,2.1001256204658785e-17,0.0,1.1107120101859718e-17,0.25829401021488857,0.1560661164510699,1.3607183984577304e-17,0.12068742983330209,0.09424996437524849,1.6160863945495006e-18
2024-06-24,0.3715900998476808,0.0,1.8852323202976535e-17,2.0641749227068702e-17,0.0,1.1226598973226473e-17,0.2558694313127912,0.1590426221351128,1.36706848581843e-17,0.11864512642240763,0.09485272028200753,1.6250545029092478e-18
2024-06-25,0.36980040375959716,0.0,1.8873328390180074e-17,2.06497407758623e-17,0.0,1.1186153208447989e-17,0.25813043167345423,0.15810806018435175,1.3647070965125284e-17,0.120150376604765,0.09381072777783186,1.6276644845283923e-18
2024-06-26,0.37202605047037635,0.0,1.89007068369737e-17,2.0587510606445366e-17,0.0,1.130682141924423e-17,0.25841063394202235,0.15726725568195082,1.3733950328089621e-17,0.11958669623768542,0.09270936366796488,1.638674043694913e-18
2024-06-27,0.3724062335812866,0.0,1.8676761307383024e-17,2.0783095405497375e-17,0.0,1.1342492971657073e-17,0.25983459935764425,0.15537624647814172,1.3914200901576217e-17,0.12095862261411076,0.09142429796881658,1.6526352136778567e-18
2024-06-28,0.3735169007157487,0.0,1.8878913870497397e-17,2.0824586279792964e-17,0.0,1.1527971778497278e-17,0.2596098071806145,0.15467686537550607,1.4097789075435166e-17,0.12036167608120928,0.09183475064692144,1.6782045272644652e-18
2024-07-01,0.3743060788309064,0.0,1.908629810887098e-17,2.0893477434092103e-17,0.0,1.1466825830702577e-17,0.25889410723108247,0.15406940446017534,1.3866302456230582e-17,0.12107696877087434,0.0916534407069614,1.6635520294007362e-18
2024-07-02,0.3737107886069108,0.0,1.8834915656833245e-17,2.099752038027697e-17,0.0,1.1551124340814413e-17,0.2593632356546136,0.1550656609578042,1.3799805200336137e-17,0.12089755705011034,0.090962757730561,1.6817508307342683e-18
2024-07-03,0.37753680064885287,0.0,1.9008255517270248e-17,2.0873737085243785e-17,0.0,1.1795320895531657e-17,0.25775361890898585,0.15327706613920863,1.3534129062790665e-17,0.12003396281739297,0.09139855148555963,1.7018638850378493e-18
2024-07-04,0.37615813780044294,0.0,1.885179090137871e-17,2.1005571325363938e-17,0.0,1.1796690156353489e-17,0.2584674063612972,0.15345648671859813,1.3796032687383106e-17,0.11991081813980939,0.0920071509798522,1.673411771620964e-18
2024-07-05,0.3823146687409349,0.0,1.8645293538875977e-17,2.0650338308148278e-17,0.0,1.183074153459273e-17,0.25600987887827886,0.1524756817533301,1.3815371896758582e-17,0.11826799691176364,0.09093177371569253,1.6778457061911158e-18
2024-07-08,0.3808800846291143,0.0,1.8807774275767493e-17,2.103438651195504e-17,0.0,1.1786337211107614e-17,0.2582842137853427,0.15148466826442078,1.393200373783069e-17,0.11939807974931067,0.08995295357181142,1.6709840290270365e-18
2024-07-09,0.3820965908152529,0.0,1.8643434387657505e-17,2.1238510747325596e-17,0.0,1.1817012594226502e-17,0.2626343440844428,0.14706194270262749,1.3852632484735347e-17,0.12003444711206925,0.08817267528560759,1.6533150020299715e-18
2024-07-10,0.37951528957593605,0.0,1.880598150775287e-17,2.1151216227029867e-17,0.0,1.1722979881432062e-17,0.2665523865409689,0.14570328043660208,1.3739938168135906e-17,0.12076483465964574,0.08746420878684703,1.6414413315062014e-18
2024-07-11,0.3782919164197112,0.0,1.8639598220357575e-17,2.1545901645468506e-17,0.0,1.1785230716925764e-17,0.26873024187890737,0.14525024804122083,1.375220575232298e-17,0.12128981238337627,0.08643778127678428,1.6272855740739444e-18
2024-07-12,0.3768412745305422,0.0,1.8624416094776022e-17,2.1422459176876298e-17,0.0,1.1756549770684755e-17,0.2716183717716854,0.14546727650994282,1.3791337707560092e-17,0.11959659868502764,0.08647647850280198,1.6249802970940531e-18
2024-07-15,0.38396776053490306,0.0,1.8276915168646964e-17,2.1260497760190512e-17,0.0,1.2022792504169532e-17,0.2684212486824973,0.14353775853647502,1.353112194341478e-17,0.11880536466109631,0.08526786758502827,1.7108737494417985e-18
2024-07-16,0.38514909338452635,0.0,1.8435324073825665e-17,2.1182424360409285e-17,0.0,1.1954642237436826e-17,0.27017071502408824,0.14235483342372296,1.357022679351073e-17,0.11828009246311118,0.08404526570455113,1.6998457960124807e-18
2024-07-18,0.3842800374161945,0.0,1.8149966338989013e-17,2.168499866117168e-17,0.0,1.2060811943894874e-17,0.2708203633182793,0.14225645910338008,1.3259110424383628e-17,0.11862894322610225,0.08401419693604387,1.6998271353029838e-18
2024-07-19,0.3878544000971745,0.0,1.800939292377605e-17,2.194382151403105e-17,0.0,1.2204283507023933e-17,0.2717701207806575,0.13851612036375707,1.332913693960845e-17,0.11874788218944655,0.08311147656896432,1.744149309921341e-18
2024-07-22,0.3914664201497958,0.0,1.7467098470170775e-17,2.2055974668445393e-17,0.0,1.2562469203058706e-17,0.27680929607690985,0.1336486611212368,1.3430045038867825e-17,0.11852157082955811,0.07955405182249939,1.7591039453904965e-18
2024-07-23,0.39001517417347514,0.0,1.7841701202146695e-17,2.2284969087547256e-17,0.0,1.2780717435085317e-17,0.27413398072277795,0.1355156176775962,1.305263126323383e-17,0.11890389323736417,0.08143133418878645,1.7657761164438457e-18
2024-07-24,0.38935782432293586,0.0,1.695338210303129e-17,2.203189205608038e-17,0.0,1.2673479435275563e-17,0.282711726853462,0.13250067114169112,1.2841957991387313e-17,0.11597579471034976,0.0794539829715612,1.7321681273037588e-18
2024-07-25,0.38634280475010385,0.0,1.6928352122106037e-17,2.1670314117505547e-17,0.0,1.2671287804747837e-17,0.2841816454635094,0.13542739755111433,1.2695354199710776e-17,0.11433593207054031,0.0797122201647321,1.736226655237013e-18
2024-07-26,0.39137133148751274,0.0,1.697398178293462e-17,2.181905234452605e-17,0.0,1.2741143129833828e-17,0.28479008627415947,0.13197676164586464,1.3041689792621445e-17,0.11277767823687046,0.07908414235559272,1.761124978757882e-18
2024-07-29,0.39285894709541547,0.0,1.7079533036896e-17,2.1292721304989947e-17,0.0,1.2783889376965998e-17,0.2844644078135982,0.13334842858744198,1.2986085467483297e-17,0.10973476767428716,0.07959344882925734,1.7421478526245834e-18
2024-07-30,0.394143446573882,0.0,1.7147581060410362e-17,2.1405939338414083e-17,0.0,1.2795915357501461e-17,0.2824175739782313,0.1332790656943443,1.2908928305160282e-17,0.1100019890166072,0.08015792473693509,1.7483623264838656e-18
2024-07-31,0.3609999821312001,0.0,2.0220005220811246e-17,2.0794688918393905e-17,0.0,1.0825793873413342e-17,0.26802427715149574,0.1607871209555185,1.3742209588753508e-17,0.12060858625429907,0.08958003350748653,1.6826247833020952e-18
2024-08-01,0.3607494167704657,0.0,2.0330344069479103e-17,2.0733215222578923e-17,0.0,1.0686035689757185e-17,0.26878171909281795,0.16138631363905484,1.3795772469110357e-17,0.1195554453684212,0.08952710512924009,1.6764609483688092e-18
2024-08-02,0.3610347401993816,0.0,2.049050279744138e-17,2.0851561886610814e-17,0.0,1.0618152819959255e-17,0.26843330411408184,0.1609057665557414,1.370732849414573e-17,0.121148042085252,0.08847814704554312,1.6843841380798957e-18
2024-08-05,0.3598459626605657,0.0,2.003288812729732e-17,2.1007026782442535e-17,0.0,1.0605838522443675e-17,0.2702034923558735,0.15907578054551333,1.401139859123921e-17,0.12364393740449371,0.08723082703355362,1.6670473748258548e-18
2024-08-06,0.357406121109694,0.0,1.9427001372005572e-17,2.167727712595583e-17,0.0,1.0437269536023622e-17,0.2746753823360861,0.15612321734115625,1.409728565721724e-17,0.12729296056199696,0.08450231865106668,1.6544788772471772e-18
2024-08-07,0.35980857895266577,0.0,1.9180416604612766e-17,2.181328436081897e-17,0.0,1.0367593021693595e-17,0.2731349085391989,0.15641963682823767,1.3985087169116592e-17,0.12638006029124674,0.08425681538865074,1.650575810910411e-18
2024-08-08,0.3580188857980718,0.0,1.9359110943726052e-17,2.1496480846425016e-17,0.0,1.0476474242079079e-17,0.27327906538063934,0.15799921072911144,1.3858920339698148e-17,0.12552846651967187,0.08517437157250556,1.6415921704694158e-18
2024-08-09,0.35520025601348426,0.0,1.9355610025286265e-17,2.1744043864382556e-17,0.0,1.0351188729520762e-17,0.2787065521988725,0.15583323919754052,1.404406936850743e-17,0.12577528293143553,0.08448466965866702,1.6560157453776475e-18
2024-08-12,0.35924473491699316,0.0,1.9568758439508888e-17,2.1658005746895858e-17,0.0,1.0420102729921965e-17,0.2768310374584522,0.153930006884019,1.38928749838919e-17,0.12542031493492622,0.08457390580560928,1.6631607129519902e-18
2024-08-13,0.35922869388112105,0.0,1.9829120556606722e-17,2.173310679800252e-17,0.0,1.0607811661019889e-17,0.2769115509004097,0.15469962194157588,1.3956276130479815e-17,0.12419959392915338,0.08496053934773998,1.6549609318222928e-18
2024-08-14,0.3622220424470826,0.0,1.965005726828583e-17,2.1754453526616974e-17,0.0,1.0646801852551409e-17,0.2753368587355036,0.153716549971908,1.3845189029204722e-17,0.1252373255361355,0.08348722330937021,1.661512872824728e-18
2024-08-16,0.36605460509532894,0.0,1.9450441362926503e-17,2.1379749533409544e-17,0.0,1.0689055398915406e-17,0.2737414712302689,0.15562433027557449,1.367098005006938e-17,0.12345125666570858,0.0811283367331189,1.683018890585183e-18
2024-08-19,0.3679950137715785,0.0,1.944960344226538e-17,2.1152330853349275e-17,0.0,1.06796312616546e-17,0.2739429733340747,0.15328022747554035,1.3621950421248414e-17,0.12345958367825557,0.0813222017405509,1.6956254908523752e-18
2024-08-20,0.3680151045259193,0.0,2.008486082114995e-17,2.0980706636172003e-17,0.0,1.064840098566984e-17,0.27163496505755647,0.15549087144896878,1.3570360326513666e-17,0.12162878865496306,0.08323027031259235,1.7135864265745868e-18
2024-08-21,0.3696633142552669,0.0,2.0504261927579157e-17,2.1036590866800926e-17,0.0,1.068601238586913e-17,0.2700820798331912,0.15475519618513622,1.374950302209936e-17,0.12232151837311078,0.08317789135329488,1.725544615867531e-18
2024-08-22,0.3663664335694058,0.0,2.0822201503732204e-17,2.1273065604232363e-17,0.0,1.0653538035268769e-17,0.2727513282545972,0.15553497186761706,1.3759463802523746e-17,0.12352681550000723,0.08182045080837265,1.7305639134333143e-18
2024-08-23,0.365354405261698,0.0,2.077679488006243e-17,2.12403925243017e-17,0.0,1.0673942592346284e-17,0.27171861850297535,0.15685566938412518,1.3795213933761306e-17,0.12323020392880657,0.08284110292239492,1.7081350468093774e-18
2024-08-26,0.36379096215737905,0.0,2.085722624598213e-17,2.1510813926179577e-17,0.0,1.0618799160737569e-17,0.2736258816202249,0.15660369824697287,1.383108698251686e-17,0.12273064879481883,0.08324880918060433,1.7013524743966071e-18
2024-08-27,0.3701287387406075,0.0,2.130539929001133e-17,2.1189008764071262e-17,0.0,1.0518131999916345e-17,0.26894898031806896,0.15808765707547107,1.3556234572774913e-17,0.12019641493735399,0.08263820892849863,1.687048079627983e-18
2024-08-28,0.3712369562529088,0.0,2.121538694563688e-17,2.0939366359547947e-17,0.0,1.0733296343266965e-17,0.2682584636387723,0.1565730658894695,1.3590228195598674e-17,0.12120052340459167,0.08273099081425773,1.6978587001602648e-18
2024-08-29,0.37367792352672313,0.0,2.1304227000805034e-17,2.0961491623580565e-17,0.0,1.0975287340719027e-17,0.26701771622841025,0.15689924722987245,1.3526144771508894e-17,0.12004616630986259,0.08235894670513158,1.7045867791179947e-18
2024-08-30,0.37692795340381735,0.0,2.0955958891232846e-17,2.0909654287260065e-17,0.0,1.0833772234197372e-17,0.26850509014856383,0.1539901103138693,1.3286414091660098e-17,0.11942531143336056,0.08115153470038892,1.689765794826315e-18
2024-09-02,0.37726887646800455,0.0,2.098359652343702e-17,2.085742324633077e-17,0.0,1.0892916649685978e-17,0.26683210584072947,0.15559369393980946,1.331435454863891e-17,0.1192566626211561,0.08104866113030051,1.7056565936708337e-18
2024-09-03,0.3828205887490341,0.0,2.0148922697662567e-17,2.062048076883088e-17,0.0,1.0841292765997957e-17,0.26702242515987906,0.1524193387782584,1.3106901195634006e-17,0.1178644637411622,0.07987318357166613,1.6675383070310375e-18
2024-09-04,0.38163002804177054,0.0,2.0119823395524463e-17,2.0781392549079407e-17,0.0,1.0776299037516058e-17,0.26825820333947537,0.1506042473142885,1.3210653885848617e-17,0.11954594655501448,0.07996157474945098,1.6741657215500383e-18
2024-09-05,0.38184140150626594,0.0,1.9829764575636457e-17,2.120384777671617e-17,0.0,1.0708948493642792e-17,0.2675768463802175,0.15070423854734274,1.325647201794376e-17,0.12015016291384326,0.07972735065233041,1.6676484633128057e-18
2024-09-06,0.38169734499076663,0.0,1.9856972962282576e-17,2.111228179919978e-17,0.0,1.0732626778001933e-17,0.26923854990966495,0.15097978949896457,1.31689152370707e-17,0.11833911515143643,0.07974520044916732,1.6608605229859471e-18
2024-09-09,0.37895492352279847,0.0,2.0015536255623456e-17,2.1375550027270994e-17,0.0,1.0688638421501024e-17,0.26748298436757895,0.1533903251319324,1.322731232061953e-17,0.1197123978603625,0.08045936911732765,1.6740633671876581e-18
2024-09-10,0.3762799197051978,0.0,1.972454732694677e-17,2.1960996976005744e-17,0.0,1.0629604557682908e-17,0.2723653744136769,0.15181464136617975,1.3398850211801399e-17,0.12015050702252603,0.07938955749241942,1.668444134376467e-18
2024-09-11,0.37892053907705686,0.0,1.952992534197794e-17,2.1540576045379316e-17,0.0,1.0607465215510726e-17,0.27026296617150924,0.15267111716514042,1.3258263397444337e-17,0.11967864730159902,0.07846673028469443,1.6712157160880187e-18
2024-09-12,0.37883347047385846,0.0,1.9179855423404567e-17,2.1581107490701812e-17,0.0,1.0595188649054027e-17,0.27064869214109216,0.1534436925943199,1.3240435896049833e-17,0.11926641039005673,0.07780773440067275,1.660595147692342e-18
2024-09-13,0.37862939770935755,0.0,1.969360275687126e-17,2.1607095984887722e-17,0.0,1.0640318294392192e-17,0.2688507561987404,0.15680533806724076,1.3300112413029888e-17,0.11734607892773061,0.07836842909693059,1.6471936537606713e-18
2024-09-16,0.3784462565943962,0.0,1.9541983665310934e-17,2.1363883568272425e-17,0.0,1.0570138620531077e-17,0.2650356933526952,0.16039435297108462,1.320404467355603e-17,0.11711709007794512,0.0790066070038789,1.6434545709399663e-18
2024-09-17,0.37769548283048276,0.0,1.985835177353581e-17,2.0853724787141077e-17,0.0,1.0588090999880122e-17,0.2632322933001655,0.16202406603780253,1.326407198843327e-17,0.11778686682924439,0.07926129100230474,1.6376619228299556e-18
2024-09-18,0.37834574957203254,0.0,1.980934551938825e-17,2.0914324028358536e-17,0.0,1.060770403629828e-17,0.26168274081932424,0.16363292623034478,1.3384242978956876e-17,0.11773892058507454,0.07859966279322383,1.6360031941999933e-18
2024-09-19,0.37209710084348224,0.0,2.0183439973089796e-17,2.125669126696182e-17,0.0,1.0439303965764611e-17,0.26553975496020354,0.16177167599394496,1.3541069800440923e-17,0.12192996911008953,0.07866149909227974,1.6026108695441934e-18
2024-09-20,0.37010335784273135,0.0,2.0275393223073573e-17,2.1653274116281486e-17,0.0,1.0514335991217546e-17,0.2676328059536593,0.15925629330046337,1.386246030943102e-17,0.12442344822862854,0.07858409467451749,1.5938334331501e-18
2024-09-23,0.3700544211727341,0.0,2.029963706303106e-17,2.1843796897538214e-17,0.0,1.0435525125507573e-17,0.2672115585288651,0.15813860733616375,1.391295324341296e-17,0.1257874055029031,0.07880800745933375,1.5681822710182018e-18
2024-09-24,0.3671033239399729,0.0,2.010893253240608e-17,2.213155286084658e-17,0.0,1.0344395027560003e-17,0.26749654882373514,0.15939126965308567,1.4078855303617998e-17,0.12648864939734172,0.07952020818586451,1.5561318465832272e-18
2024-09-25,0.3685282928754606,0.0,2.071559409211481e-17,2.1367313385194494e-17,0.0,1.0262826223278098e-17,0.2642149749326959,0.1610793598654569,1.3807792454055913e-17,0.12402673186967614,0.08215064045671035,1.5431248307126908e-18
2024-09-26,0.36993827904754445,0.0,2.0732832991764205e-17,2.1355647753827507e-17,0.0,1.0244951228136923e-17,0.26539341423420754,0.1578697099998546,1.368695059783699e-17,0.1240699786513363,0.08272861806705706,1.5443654103119477e-18
2024-09-27,0.3670038336525864,0.0,2.1015065115998454e-17,2.1435709720757974e-17,0.0,1.0181946247633925e-17,0.26571742534010834,0.15763223356523995,1.3598439328994072e-17,0.12563711263350227,0.08400939480856295,1.5372263592524283e-18
2024-09-30,0.3609999821312001,0.0,2.0220005220811246e-17,2.0794688918393905e-17,0.0,1.0825793873413342e-17,0.26802427715149574,0.1607871209555185,1.3742209588753508e-17,0.12060858625429907,0.08958003350748653,1.6826247833020952e-18
2024-10-01,0.3601101226820576,0.0,2.0554281724893866e-17,2.082951196240095e-17,0.0,1.069543396303576e-17,0.26685129950737263,0.1633113510263257,1.3665847999155626e-17,0.11867563626569859,0.0910515905185454,1.6742043775366401e-18
2024-10-03,0.3633486921264457,0.0,2.0651299504280134e-17,2.0538108349266248e-17,0.0,1.0833986647813904e-17,0.2652254139504855,0.16225559572979079,1.3821052913425686e-17,0.11915080068176329,0.09001949751151472,1.6778813144136214e-18
2024-10-04,0.35875234075369705,0.0,2.0429988729899296e-17,2.049564757580698e-17,0.0,1.086236255881555e-17,0.2656704470333646,0.16610257104000878,1.3517654187483255e-17,0.11872456785732001,0.0907500733156094,1.6702429255259864e-18
2024-10-07,0.36323454073326894,0.0,2.0730119673124766e-17,2.0454262568345838e-17,0.0,1.1154070582966194e-17,0.26445335286756233,0.1635648906891921,1.359783412573771e-17,0.11688915354699343,0.0918580621629831,1.700766644821829e-18
2024-10-08,0.36408147047791845,0.0,2.0313263256007534e-17,2.0387465804341352e-17,0.0,1.127198788051458e-17,0.2685176277065196,0.16062316519451386,1.3485614544028164e-17,0.11604303386169254,0.09073470275935547,1.7126529444464219e-18
2024-10-09,0.3680337780437948,0.0,2.012546085774977e-17,2.0359372755882012e-17,0.0,1.1398114957326939e-17,0.26834783652691124,0.15838054554359485,1.3636217024181518e-17,0.11684089436331853,0.08839694552238063,1.7112657736922302e-18
2024-10-10,0.374059790560523,0.0,2.0387223922705242e-17,2.00993295530287e-17,0.0,1.1479802486914448e-17,0.2610619786021823,0.16186076819455908,1.36846484640052e-17,0.11443466874935042,0.08858279389338515,1.7197019844980057e-18
2024-10-11,0.37430770189744444,0.0,2.0485525674905882e-17,2.002075777555235e-17,0.0,1.1295423444789547e-17,0.261572708883287,0.1606433059608307,1.42745985643634e-17,0.11441530849232753,0.08906097476611022,1.711496099905259e-18
2024-10-14,0.37795971107083026,0.0,2.0815894555359174e-17,2.0081062501912018e-17,0.0,1.1307510177375791e-17,0.25764221123886877,0.1619078175311973,1.4218569051460232e-17,0.11355541170002324,0.08893484845908026,1.6676428370570744e-18
2024-10-15,0.37971265781381786,0.0,2.060867431183709e-17,2.003994666424333e-17,0.0,1.1398981129443684e-17,0.2611692919918584,0.1591987486996334,1.4373065198407897e-17,0.11264423489207112,0.08727506660261915,1.6556845993603777e-18
2024-10-16,0.38356046289543116,0.0,2.0213165608926962e-17,2.003421247310461e-17,0.0,1.1429396514666241e-17,0.2626556172546344,0.15566201674667987,1.429083974471029e-17,0.11211837772290882,0.08600352538034572,1.651798833131529e-18
2024-10-17,0.3850219879693882,0.0,2.0515047037545714e-17,2.0161393964639456e-17,0.0,1.1272641816538039e-17,0.2615053344935753,0.15529489033026483,1.4239543349546354e-17,0.11183896872209972,0.08633881848467198,1.6535812063851367e-18
2024-10-18,0.3902391460229691,0.0,2.0812792287576607e-17,2.0094117678415622e-17,0.0,1.169501813683945e-17,0.26237921563147526,0.15223261141801267,1.4318307649573874e-17,0.10935851062075432,0.08579051630678862,1.6794418084983394e-18
2024-10-21,0.38707159274168246,0.0,2.128431967361156e-17,1.988169113596593e-17,0.0,1.1138698699244035e-17,0.26048696198764004,0.15744985829447794,1.4332924128896666e-17,0.10775619580109773,0.08723539117510182,1.684693446128034e-18
2024-10-22,0.3868840915768565,0.0,2.1041264688214652e-17,1.9850491034234552e-17,0.0,1.1058197325420514e-17,0.26070798693827996,0.1560205711490184,1.3804057061879101e-17,0.10873090970311343,0.08765644063273167,1.6789778926903243e-18
2024-10-23,0.38971316212520624,0.0,2.074082108731319e-17,2.0004333177722194e-17,0.0,1.1186194942855051e-17,0.2628800680504867,0.15148405879879284,1.3769078334238954e-17,0.10985212132230182,0.08607058970321232,1.6726618668743364e-18
2024-10-24,0.39345401061481006,0.0,2.058853811617293e-17,1.9778089822461436e-17,0.0,1.1284150796352092e-17,0.2613074552301083,0.15189517740587383,1.376422768350359e-17,0.10844808422974117,0.0848952725194666,1.6887514113199812e-18
2024-10-25,0.39584438800852884,0.0,1.996024212466681e-17,1.8753080934010483e-17,0.0,1.129700463182541e-17,0.2582797828406063,0.1543664212558393,1.381034242313151e-17,0.10594415560722015,0.08556525228780539,1.69212303190179e-18
2024-10-28,0.39685165200164096,0.0,1.9585727873428874e-17,1.8896733474205947e-17,0.0,1.1272331334540636e-17,0.2636909808268345,0.1499260962211132,1.3841837732532277e-17,0.10588256863035723,0.0836487023200539,1.693634080850527e-18
2024-10-29,0.39662723827706153,0.0,1.9775614561321358e-17,1.904332399379617e-17,0.0,1.1168948478504407e-17,0.26181076922669155,0.15157879734980442,1.354356876879379e-17,0.10525167055395682,0.08473152459248574,1.6888801204731429e-18
2024-10-30,0.3960040530036987,0.0,1.9764487460552948e-17,1.8805611031644622e-17,0.0,1.11208657502103e-17,0.26345108559825,0.15069014688179488,1.3602270914690105e-17,0.10487122451904529,0.08498348999721123,1.6797961029125397e-18
2024-10-31,0.3609999821312001,0.0,2.0220005220811246e-17,2.0794688918393905e-17,0.0,1.0825793873413342e-17,0.26802427715149574,0.1607871209555185,1.3742209588753508e-17,0.12060858625429907,0.08958003350748653,1.6826247833020952e-18
2024-11-01,0.35252473768354053,0.0,2.0488496520495062e-17,2.09220362316188e-17,0.0,1.0733178430268614e-17,0.2709889403778116,0.163747035618172,1.3944189210261218e-17,0.12190952285269765,0.09082976346777813,1.662138665316118e-18
2024-11-04,0.3499316882922144,0.0,2.0582378665859134e-17,2.094671935021086e-17,0.0,1.0728602575220223e-17,0.27114917626121837,0.16493965895884094,1.4016618518476596e-17,0.1226482711306099,0.09133120535711638,1.6646139722648066e-18
2024-11-05,0.35433103039593605,0.0,2.0276362707427947e-17,2.103747081146692e-17,0.0,1.0846503610730714e-17,0.270511889617555,0.16285147242566345,1.4026088780763435e-17,0.12184104411044218,0.09046456345040334,1.6717795362384718e-18
2024-11-06,0.35340371201724013,0.0,2.0795564214937852e-17,2.0828506186731595e-17,0.0,1.0695840302443102e-17,0.26575630950511925,0.1662224819856918,1.4129310763654897e-17,0.12166977297674092,0.09294772351520766,1.6604492647638483e-18
2024-11-07,0.35993883267123605,0.0,2.074494788547984e-17,2.0533913833187292e-17,0.0,1.0925725070166868e-17,0.2616120957064533,0.16608111233930842,1.3926017636690552e-17,0.12024324731084327,0.09212471197215905,1.700638802588161e-18
2024-11-08,0.36084807780261596,0.0,1.9099433977608566e-17,2.04500860111091e-17,0.0,1.0867427410169117e-17,0.2614457188586216,0.16634083713609202,1.3885558584919045e-17,0.1202936300395677,0.09107173616310263,1.7155873243568079e-18
2024-11-11,0.3628673525337556,0.0,1.921773502975382e-17,2.0769095079792152e-17,0.0,1.1057780140438641e-17,0.2621969422737981,0.16332586868411939,1.3912319955701022e-17,0.1223495297926265,0.08926030671570037,1.7183608058927796e-18
2024-11-12,0.3690779703266445,0.0,1.9379610398045238e-17,2.0649422605955864e-17,0.0,1.1249894976555273e-17,0.2618247157542019,0.15973589609419883,1.3910252239181632e-17,0.12157210406777094,0.08778931375718374,1.7413201672123297e-18
2024-11-13,0.3725509343729933,0.0,1.9393884040394256e-17,2.053543677924453e-17,0.0,1.1375058619260626e-17,0.26124008947898747,0.15724228159809142,1.3818119772220378e-17,0.12112569481216715,0.08784099973776058,1.751954213622121e-18
2024-11-14,0.3751288213081451,0.0,1.8858967860642382e-17,2.0796458296950813e-17,0.0,1.1501059712849733e-17,0.2638271937327074,0.15393560354807476,1.3701817180595588e-17,0.12135619839055661,0.08575218302051607,1.751879853830775e-18
2024-11-18,0.37579525172114897,0.0,1.8974099611587843e-17,2.0256177989967054e-17,0.0,1.1533624033511157e-17,0.2616113811233969,0.15806811625773567,1.3932546857167004e-17,0.11908953869151533,0.0854357122062031,1.7585801172362662e-18
2024-11-19,0.3706429422100018,0.0,1.96744098302543e-17,2.0524688223105625e-17,0.0,1.1195775847556877e-17,0.2617288792798135,0.15961876058769922,1.404191790026509e-17,0.12064695179214019,0.08736246613034511,1.7035366387282446e-18
2024-11-21,0.37044476058178905,0.0,1.9483569930739685e-17,2.056943769017155e-17,0.0,1.1361414455602249e-17,0.26411729063080247,0.1569281433157607,1.4186858768936718e-17,0.12159170127845177,0.0869181041931961,1.7247001920010893e-18
2024-11-22,0.37410343510649985,0.0,1.9752062278914652e-17,2.035847522738134e-17,0.0,1.1432878299476432e-17,0.258659670233521,0.15816747501123524,1.4280571531652688e-17,0.1215738820414083,0.08749553760733561,1.740982585637113e-18
2024-11-25,0.3763818485448054,0.0,1.934295688006861e-17,2.0332260638673414e-17,0.0,1.154029009233981e-17,0.26136546369147307,0.1552988372789048,1.4092752049191475e-17,0.12024806704710342,0.08670578343771325,1.765783535249035e-18
2024-11-26,0.3748241052125963,0.0,1.956087104207152e-17,2.0537544367824218e-17,0.0,1.1457142079958733e-17,0.26238879214913274,0.15490366352748539,1.4318407781128174e-17,0.12069054793653836,0.08719289117424726,1.794014233084056e-18
2024-11-27,0.3743800906253589,0.0,1.9641251012595232e-17,2.0492504033979517e-17,0.0,1.160403713906779e-17,0.2611043937919804,0.1568119893639122,1.4185478990191475e-17,0.12049088812876921,0.08721263808997926,1.80003318902127e-18
2024-11-28,0.37336735170209706,0.0,1.952847104761297e-17,2.0592691480248504e-17,0.0,1.1626779995894365e-17,0.2615411288642124,0.15651889831921223,1.4207509678499398e-17,0.12116866788207263,0.08740395323240557,1.794885113682646e-18
2024-11-29,0.3680342809480145,0.0,1.9449396226425343e-17,2.0644425669700217e-17,0.0,1.1357852900705639e-17,0.26369018567536323,0.15981353407189264,1.419246272912703e-17,0.12065752905520319,0.08780447024952641,1.7806772850892522e-18
2024-12-02,0.36771404734776786,0.0,1.953441692836339e-17,2.082996760865213e-17,0.0,1.1311372825217258e-17,0.2634638142950871,0.16073239865509978,1.417382970987876e-17,0.12000022047148665,0.08808951923055859,1.783078901793017e-18
2024-12-03,0.36901328041475784,0.0,1.9546604104684195e-17,2.0501063111865836e-17,0.0,1.1341539669833354e-17,0.2613282504517654,0.1614053941851347,1.3955772519172303e-17,0.1198305994233719,0.08842247552497004,1.7693574763422012e-18
2024-12-04,0.37164722279821283,0.0,1.963126593250512e-17,2.0467686742538298e-17,0.0,1.1380177959779505e-17,0.25797542253489175,0.1621724328163911,1.3880162778161866e-17,0.11997971583624921,0.08822520601425499,1.7746091618863507e-18
2024-12-05,0.3732058302474967,0.0,1.9509507381867042e-17,2.0327434860441907e-17,0.0,1.1369200098180163e-17,0.2551384599402912,0.16396047951878726,1.3948007426355818e-17,0.11983779996775211,0.0878574303256726,1.7968855669376175e-18
2024-12-06,0.37599656292788486,0.0,1.9614262830639354e-17,2.0445665667952258e-17,0.0,1.1570025640474768e-17,0.2537430877097604,0.16274138057823162,1.3999044610071742e-17,0.11948653706895655,0.08803243171516657,1.830491189093001e-18
2024-12-09,0.37382481010215907,0.0,1.949379252790962e-17,2.0253246812868366e-17,0.0,1.1436905683160986e-17,0.25441900486145397,0.16444914857739526,1.394171911647133e-17,0.11899738481209336,0.08830965164689837,1.81358113262155e-18
2024-12-10,0.37275162618187646,0.0,1.9590002104829375e-17,1.9650668473248134e-17,0.0,1.1487966877310249e-17,0.25202806999957544,0.1682241408328473,1.4068108424927435e-17,0.1173993904691076,0.08959677251659307,1.8232173583133973e-18
2024-12-11,0.37378301182508367,0.0,1.9318110066592492e-17,1.9408351551721986e-17,0.0,1.1509473408946667e-17,0.24954133393325803,0.17243211686413332,1.398015845701406e-17,0.1153659548069324,0.08887758257059247,1.7953497550948705e-18
2024-12-12,0.3730788926360825,0.0,1.9382394168194213e-17,1.945887844393902e-17,0.0,1.1671568495772918e-17,0.24966692775386523,0.17126722481117698,1.3993207531684807e-17,0.11686070682176557,0.0891262479771096,1.7949582221492323e-18
2024-12-13,0.3745849996468005,0.0,1.9355270667437265e-17,1.9026339613216837e-17,0.0,1.1762678762583209e-17,0.2474901271310441,0.17245342350873893,1.3808257305345816e-17,0.1161236898175495,0.08934775989586688,1.8084346425642517e-18
2024-12-16,0.3765419957781853,0.0,1.8945369150213706e-17,1.9171200184462746e-17,0.0,1.170266597558449e-17,0.24965680344009025,0.17022825743821696,1.39357347874997e-17,0.1163176027779352,0.08725534056557216,1.7953861838351627e-18
2024-12-17,0.3768032408060003,0.0,1.8850134465028102e-17,1.913219572582346e-17,0.0,1.168114715485532e-17,0.2517242972319403,0.16770983135239462,1.4038817054106434e-17,0.11648843014547407,0.08727420046419078,1.7861227421661846e-18
2024-12-18,0.37924203505961773,0.0,1.8600412715042767e-17,1.9269896094139796e-17,0.0,1.1759131410270339e-17,0.2535501329576241,0.16486183417226313,1.3997155204077102e-17,0.11559231777278192,0.086753680037713,1.7658158558630268e-18
2024-12-19,0.3821211218982912,0.0,1.846030390088412e-17,1.928650773426941e-17,0.0,1.1804682997287576e-17,0.25471870340332187,0.16180429531131843,1.4001415631349252e-17,0.11510673540142419,0.08624914398564434,1.77828686385341e-18
2024-12-20,0.3812151839059539,0.0,1.855741713040755e-17,1.9505786524752493e-17,0.0,1.1736895178060154e-17,0.2553815678319594,0.1620093049749833,1.401434022998506e-17,0.11491263932624546,0.08648130396085776,1.766600687199936e-18
2024-12-23,0.38030196042395203,0.0,1.8535319413431014e-17,1.947565225528312e-17,0.0,1.1702638327023795e-17,0.2567722223173842,0.1610130797630337,1.3999329830308137e-17,0.11617729667516459,0.08573544082046543,1.741066584820515e-18
2024-12-24,0.3750997699167493,0.0,1.8701125576734696e-17,1.9334863566633545e-17,0.0,1.1606171433242612e-17,0.25962654985825734,0.16526024591067204,1.3882735680391897e-17,0.11445786926766001,0.0855555650466612,1.7198222879482683e-18
2024-12-26,0.3733693150768925,0.0,1.8476919599114798e-17,1.9279391970996204e-17,0.0,1.1497627081708566e-17,0.2615489881047747,0.16535575127883,1.3892149406090842e-17,0.11509529259479596,0.08463065294470683,1.7261035662364733e-18
2024-12-27,0.3745717352820353,0.0,1.8537693162482295e-17,1.9279670636995514e-17,0.0,1.1501644854328022e-17,0.2610457397597824,0.16531953135320607,1.3938846916191265e-17,0.11434160650452199,0.0847213871004542,1.7238998937711072e-18
2024-12-30,0.3743400719148457,0.0,1.8275933463030824e-17,1.9427388763690928e-17,0.0,1.1604297564543038e-17,0.2629975194884954,0.1628428411788204,1.4051339915753613e-17,0.11563771749292985,0.08418184992490865,1.7290372934640593e-18
2024-12-31,0.3609999821312001,0.0,2.0220005220811246e-17,2.0794688918393905e-17,0.0,1.0825793873413342e-17,0.26802427715149574,0.1607871209555185,1.3742209588753508e-17,0.12060858625429907,0.08958003350748653,1.6826247833020952e-18
