Date,BRENT_OIL
2020-01-02,66.250000
2020-01-03,68.599998
2020-01-06,68.910004
2020-01-07,68.269997
2020-01-08,65.440002
2020-01-09,65.370003
2020-01-10,64.980003
2020-01-13,64.199997
2020-01-14,64.489998
2020-01-15,64.000000
2020-01-16,64.620003
2020-01-17,64.849998
2020-01-21,64.589996
2020-01-22,63.209999
2020-01-23,62.040001
2020-01-24,60.689999
2020-01-27,59.320000
2020-01-28,59.509998
2020-01-29,59.810001
2020-01-30,58.290001
2020-01-31,58.160000
2020-02-03,54.450001
2020-02-04,53.959999
2020-02-05,55.279999
2020-02-06,54.930000
2020-02-07,54.470001
2020-02-10,53.270000
2020-02-11,54.009998
2020-02-12,55.790001
2020-02-13,56.340000
2020-02-14,57.320000
2020-02-18,57.750000
2020-02-19,59.119999
2020-02-20,59.310001
2020-02-21,58.500000
2020-02-24,56.299999
2020-02-25,54.950001
2020-02-26,53.430000
2020-02-27,52.180000
2020-02-28,50.520000
2020-03-02,51.900002
2020-03-03,51.860001
2020-03-04,51.130001
2020-03-05,49.990002
2020-03-06,45.270000
2020-03-09,34.360001
2020-03-10,37.220001
2020-03-11,35.790001
2020-03-12,33.220001
2020-03-13,33.849998
2020-03-16,30.049999
2020-03-17,28.730000
2020-03-18,24.879999
2020-03-19,28.469999
2020-03-20,26.980000
2020-03-23,27.030001
2020-03-24,27.150000
2020-03-25,27.389999
2020-03-26,26.340000
2020-03-27,24.930000
2020-03-30,22.760000
2020-03-31,22.740000
2020-04-01,24.740000
2020-04-02,29.940001
2020-04-03,34.110001
2020-04-06,33.049999
2020-04-07,31.870001
2020-04-08,32.840000
2020-04-09,31.480000
2020-04-13,31.740000
2020-04-14,29.600000
2020-04-15,27.690001
2020-04-16,27.820000
2020-04-17,28.080000
2020-04-20,25.570000
2020-04-21,19.330000
2020-04-22,20.370001
2020-04-23,21.330000
2020-04-24,21.440001
2020-04-27,19.990000
2020-04-28,20.459999
2020-04-29,22.540001
2020-04-30,25.270000
2020-05-01,26.440001
2020-05-04,27.200001
2020-05-05,30.969999
2020-05-06,29.719999
2020-05-07,29.459999
2020-05-08,30.969999
2020-05-11,29.629999
2020-05-12,29.980000
2020-05-13,29.190001
2020-05-14,31.129999
2020-05-15,32.500000
2020-05-18,34.810001
2020-05-19,34.650002
2020-05-20,35.750000
2020-05-21,36.060001
2020-05-22,35.130001
2020-05-26,36.169998
2020-05-27,34.740002
2020-05-28,35.290001
2020-05-29,35.330002
2020-06-01,38.320000
2020-06-02,39.570000
2020-06-03,39.790001
2020-06-04,39.990002
2020-06-05,42.299999
2020-06-08,40.799999
2020-06-09,41.180000
2020-06-10,41.730000
2020-06-11,38.549999
2020-06-12,38.730000
2020-06-15,39.720001
2020-06-16,40.959999
2020-06-17,40.709999
2020-06-18,41.509998
2020-06-19,42.189999
2020-06-22,43.080002
2020-06-23,42.630001
2020-06-24,40.310001
2020-06-25,41.049999
2020-06-26,41.020000
2020-06-29,41.709999
2020-06-30,41.150002
2020-07-01,42.029999
2020-07-02,43.139999
2020-07-06,43.099998
2020-07-07,43.080002
2020-07-08,43.290001
2020-07-09,42.349998
2020-07-10,43.240002
2020-07-13,42.720001
2020-07-14,42.900002
2020-07-15,43.790001
2020-07-16,43.369999
2020-07-17,43.139999
2020-07-20,43.279999
2020-07-21,44.320000
2020-07-22,44.290001
2020-07-23,43.310001
2020-07-24,43.340000
2020-07-27,43.410000
2020-07-28,43.220001
2020-07-29,43.750000
2020-07-30,42.939999
2020-07-31,43.299999
2020-08-03,44.150002
2020-08-04,44.430000
2020-08-05,45.169998
2020-08-06,45.090000
2020-08-07,44.400002
2020-08-10,44.990002
2020-08-11,44.500000
2020-08-12,45.430000
2020-08-13,44.959999
2020-08-14,44.799999
2020-08-17,45.369999
2020-08-18,45.459999
2020-08-19,45.369999
2020-08-20,44.900002
2020-08-21,44.349998
2020-08-24,45.130001
2020-08-25,45.860001
2020-08-26,45.639999
2020-08-27,45.090000
2020-08-28,45.049999
2020-08-31,45.279999
2020-09-01,45.580002
2020-09-02,44.430000
2020-09-03,44.070000
2020-09-04,42.660000
2020-09-08,39.779999
2020-09-09,40.790001
2020-09-10,40.060001
2020-09-11,39.830002
2020-09-14,39.610001
2020-09-15,40.529999
2020-09-16,42.220001
2020-09-17,43.299999
2020-09-18,43.150002
2020-09-21,41.439999
2020-09-22,41.720001
2020-09-23,41.770000
2020-09-24,41.939999
2020-09-25,41.919998
2020-09-28,42.430000
2020-09-29,41.029999
2020-09-30,40.950001
2020-10-01,40.930000
2020-10-02,39.270000
2020-10-05,41.290001
2020-10-06,42.650002
2020-10-07,41.990002
2020-10-08,43.340000
2020-10-09,42.849998
2020-10-12,41.720001
2020-10-13,42.450001
2020-10-14,43.320000
2020-10-15,43.160000
2020-10-16,42.930000
2020-10-19,42.619999
2020-10-20,43.160000
2020-10-21,41.730000
2020-10-22,42.459999
2020-10-23,41.770000
2020-10-26,40.459999
2020-10-27,41.200001
2020-10-28,39.119999
2020-10-29,37.650002
2020-10-30,37.459999
2020-11-02,38.970001
2020-11-03,39.709999
2020-11-04,41.230000
2020-11-05,40.930000
2020-11-06,39.450001
2020-11-09,42.400002
2020-11-10,43.610001
2020-11-11,43.799999
2020-11-12,43.529999
2020-11-13,42.779999
2020-11-16,43.820000
2020-11-17,43.750000
2020-11-18,44.340000
2020-11-19,44.200001
2020-11-20,44.959999
2020-11-23,46.060001
2020-11-24,47.860001
2020-11-25,48.610001
2020-11-27,48.180000
2020-11-30,47.590000
2020-12-01,47.419998
2020-12-02,48.250000
2020-12-03,48.709999
2020-12-04,49.250000
2020-12-07,48.790001
2020-12-08,48.840000
2020-12-09,48.860001
2020-12-10,50.250000
2020-12-11,49.970001
2020-12-14,50.290001
2020-12-15,50.759998
2020-12-16,51.080002
2020-12-17,51.500000
2020-12-18,52.259998
2020-12-21,50.910000
2020-12-22,50.080002
2020-12-23,51.200001
2020-12-24,51.290001
2020-12-28,50.860001
2020-12-29,51.090000
2020-12-30,51.340000
2020-12-31,51.799999
2021-01-04,51.090000
2021-01-05,53.599998
2021-01-06,54.299999
2021-01-07,54.380001
2021-01-08,55.990002
2021-01-11,55.660000
2021-01-12,56.580002
2021-01-13,56.060001
2021-01-14,56.419998
2021-01-15,55.099998
2021-01-19,55.900002
2021-01-20,56.080002
2021-01-21,56.099998
2021-01-22,55.410000
2021-01-25,55.880001
2021-01-26,55.910000
2021-01-27,55.810001
2021-01-28,55.529999
2021-01-29,55.880001
2021-02-01,56.349998
2021-02-02,57.459999
2021-02-03,58.459999
2021-02-04,58.840000
2021-02-05,59.340000
2021-02-08,60.560001
2021-02-09,61.090000
2021-02-10,61.470001
2021-02-11,61.139999
2021-02-12,62.430000
2021-02-16,63.349998
2021-02-17,64.339996
2021-02-18,63.930000
2021-02-19,62.910000
2021-02-22,65.239998
2021-02-23,65.370003
2021-02-24,67.040001
2021-02-25,66.879997
2021-02-26,66.129997
2021-03-01,63.689999
2021-03-02,62.700001
2021-03-03,64.070000
2021-03-04,66.739998
2021-03-05,69.360001
2021-03-08,68.239998
2021-03-09,67.519997
2021-03-10,67.900002
2021-03-11,69.629997
2021-03-12,69.220001
2021-03-15,68.879997
2021-03-16,68.389999
2021-03-17,68.000000
2021-03-18,63.279999
2021-03-19,64.529999
2021-03-22,64.620003
2021-03-23,60.790001
2021-03-24,64.410004
2021-03-25,61.950001
2021-03-26,64.570000
2021-03-29,64.980003
2021-03-30,64.139999
2021-03-31,63.540001
2021-04-01,64.860001
2021-04-05,62.150002
2021-04-06,62.740002
2021-04-07,63.160000
2021-04-08,63.200001
2021-04-09,62.950001
2021-04-12,63.279999
2021-04-13,63.669998
2021-04-14,66.580002
2021-04-15,66.940002
2021-04-16,66.769997
2021-04-19,67.050003
2021-04-20,66.570000
2021-04-21,65.320000
2021-04-22,65.400002
2021-04-23,66.110001
2021-04-26,65.650002
2021-04-27,66.419998
2021-04-28,67.269997
2021-04-29,68.559998
2021-04-30,67.250000
2021-05-03,67.559998
2021-05-04,68.879997
2021-05-05,68.959999
2021-05-06,68.089996
2021-05-07,68.279999
2021-05-10,68.320000
2021-05-11,68.550003
2021-05-12,69.320000
2021-05-13,67.050003
2021-05-14,68.709999
2021-05-17,69.459999
2021-05-18,68.709999
2021-05-19,66.660004
2021-05-20,65.110001
2021-05-21,66.440002
2021-05-24,68.459999
2021-05-25,68.650002
2021-05-26,68.870003
2021-05-27,69.459999
2021-05-28,69.629997
2021-06-01,70.250000
2021-06-02,71.349998
2021-06-03,71.309998
2021-06-04,71.889999
2021-06-07,71.489998
2021-06-08,72.220001
2021-06-09,72.220001
2021-06-10,72.519997
2021-06-11,72.690002
2021-06-14,72.860001
2021-06-15,73.989998
2021-06-16,74.389999
2021-06-17,73.080002
2021-06-18,73.510002
2021-06-21,74.900002
2021-06-22,74.809998
2021-06-23,75.190002
2021-06-24,75.559998
2021-06-25,76.180000
2021-06-28,74.680000
2021-06-29,74.760002
2021-06-30,75.129997
2021-07-01,75.839996
2021-07-02,76.169998
2021-07-06,74.529999
2021-07-07,73.430000
2021-07-08,74.120003
2021-07-09,75.550003
2021-07-12,75.160004
2021-07-13,76.489998
2021-07-14,74.760002
2021-07-15,73.470001
2021-07-16,73.589996
2021-07-19,68.620003
2021-07-20,69.349998
2021-07-21,72.230003
2021-07-22,73.790001
2021-07-23,74.099998
2021-07-26,74.500000
2021-07-27,74.480003
2021-07-28,74.739998
2021-07-29,76.050003
2021-07-30,76.330002
2021-08-02,72.889999
2021-08-03,72.410004
2021-08-04,70.379997
2021-08-05,71.290001
2021-08-06,70.699997
2021-08-09,69.040001
2021-08-10,70.629997
2021-08-11,71.440002
2021-08-12,71.309998
2021-08-13,70.589996
2021-08-16,69.510002
2021-08-17,69.029999
2021-08-18,68.230003
2021-08-19,66.449997
2021-08-20,65.180000
2021-08-23,68.750000
2021-08-24,71.050003
2021-08-25,72.250000
2021-08-26,71.070000
2021-08-27,72.699997
2021-08-30,73.410004
2021-08-31,72.989998
2021-09-01,71.589996
2021-09-02,73.029999
2021-09-03,72.610001
2021-09-07,71.690002
2021-09-08,72.599998
2021-09-09,71.449997
2021-09-10,72.919998
2021-09-13,73.510002
2021-09-14,73.599998
2021-09-15,75.459999
2021-09-16,75.669998
2021-09-17,75.339996
2021-09-20,73.919998
2021-09-21,74.360001
2021-09-22,76.190002
2021-09-23,77.250000
2021-09-24,78.089996
2021-09-27,79.529999
2021-09-28,79.089996
2021-09-29,78.639999
2021-09-30,78.519997
2021-10-01,79.279999
2021-10-04,81.260002
2021-10-05,82.559998
2021-10-06,81.080002
2021-10-07,81.949997
2021-10-08,82.389999
2021-10-11,83.650002
2021-10-12,83.419998
2021-10-13,83.180000
2021-10-14,84.000000
2021-10-15,84.860001
2021-10-18,84.330002
2021-10-19,85.080002
2021-10-20,85.820000
2021-10-21,84.610001
2021-10-22,85.529999
2021-10-25,85.989998
2021-10-26,86.400002
2021-10-27,84.580002
2021-10-28,84.320000
2021-10-29,84.379997
2021-11-01,84.709999
2021-11-02,84.720001
2021-11-03,81.989998
2021-11-04,80.540001
2021-11-05,82.739998
2021-11-08,83.430000
2021-11-09,84.779999
2021-11-10,82.639999
2021-11-11,82.870003
2021-11-12,82.169998
2021-11-15,82.050003
2021-11-16,82.430000
2021-11-17,80.279999
2021-11-18,81.239998
2021-11-19,78.889999
2021-11-22,79.699997
2021-11-23,82.309998
2021-11-24,82.250000
2021-11-26,72.720001
2021-11-29,73.440002
2021-11-30,70.570000
2021-12-01,68.870003
2021-12-02,69.669998
2021-12-03,69.879997
2021-12-06,73.080002
2021-12-07,75.440002
2021-12-08,75.820000
2021-12-09,74.419998
2021-12-10,75.150002
2021-12-13,74.389999
2021-12-14,73.699997
2021-12-15,73.879997
2021-12-16,75.019997
2021-12-17,73.519997
2021-12-20,71.519997
2021-12-21,73.980003
2021-12-22,75.290001
2021-12-23,76.849998
2021-12-27,78.599998
2021-12-28,78.940002
2021-12-29,79.230003
2021-12-30,79.320000
2021-12-31,77.779999
2022-01-03,78.980003
2022-01-04,80.000000
2022-01-05,80.800003
2022-01-06,81.989998
2022-01-07,81.750000
2022-01-10,80.870003
2022-01-11,83.720001
2022-01-12,84.669998
2022-01-13,84.470001
2022-01-14,86.059998
2022-01-18,87.510002
2022-01-19,88.440002
2022-01-20,88.379997
2022-01-21,87.889999
2022-01-24,86.269997
2022-01-25,88.199997
2022-01-26,89.959999
2022-01-27,89.339996
2022-01-28,90.029999
2022-01-31,91.209999
2022-02-01,89.160004
2022-02-02,89.470001
2022-02-03,91.110001
2022-02-04,93.269997
2022-02-07,92.690002
2022-02-08,90.779999
2022-02-09,91.550003
2022-02-10,91.410004
2022-02-11,94.440002
2022-02-14,96.480003
2022-02-15,93.279999
2022-02-16,94.809998
2022-02-17,92.970001
2022-02-18,93.540001
2022-02-22,96.839996
2022-02-23,96.839996
2022-02-24,99.080002
2022-02-25,97.930000
2022-02-28,100.989998
2022-03-01,104.970001
2022-03-02,112.930000
2022-03-03,110.459999
2022-03-04,118.110001
2022-03-07,123.209999
2022-03-08,127.980003
2022-03-09,111.139999
2022-03-10,109.330002
2022-03-11,112.669998
2022-03-14,106.900002
2022-03-15,99.910004
2022-03-16,98.019997
2022-03-17,106.639999
2022-03-18,107.930000
2022-03-21,115.620003
2022-03-22,115.480003
2022-03-23,121.599998
2022-03-24,119.029999
2022-03-25,120.650002
2022-03-28,112.480003
2022-03-29,110.230003
2022-03-30,113.449997
2022-03-31,107.910004
2022-04-01,104.389999
2022-04-04,107.529999
2022-04-05,106.639999
2022-04-06,101.070000
2022-04-07,100.580002
2022-04-08,102.779999
2022-04-11,98.480003
2022-04-12,104.639999
2022-04-13,108.779999
2022-04-14,111.699997
2022-04-18,113.160004
2022-04-19,107.250000
2022-04-20,106.800003
2022-04-21,108.330002
2022-04-22,106.650002
2022-04-25,102.320000
2022-04-26,104.989998
2022-04-27,105.320000
2022-04-28,107.589996
2022-04-29,109.339996
2022-05-02,107.580002
2022-05-03,104.970001
2022-05-04,110.139999
2022-05-05,110.900002
2022-05-06,112.389999
2022-05-09,105.940002
2022-05-10,102.459999
2022-05-11,107.510002
2022-05-12,107.449997
2022-05-13,111.550003
2022-05-16,114.239998
2022-05-17,111.930000
2022-05-18,109.110001
2022-05-19,112.040001
2022-05-20,112.550003
2022-05-23,113.419998
2022-05-24,113.559998
2022-05-25,114.029999
2022-05-26,117.400002
2022-05-27,119.430000
2022-05-31,122.839996
2022-06-01,116.290001
2022-06-02,117.610001
2022-06-03,119.720001
2022-06-06,119.510002
2022-06-07,120.570000
2022-06-08,123.580002
2022-06-09,123.070000
2022-06-10,122.010002
2022-06-13,122.269997
2022-06-14,121.169998
2022-06-15,118.510002
2022-06-16,119.809998
2022-06-17,113.120003
2022-06-21,114.650002
2022-06-22,111.739998
2022-06-23,110.050003
2022-06-24,113.120003
2022-06-27,115.089996
2022-06-28,117.980003
2022-06-29,116.260002
2022-06-30,114.809998
2022-07-01,111.629997
2022-07-05,102.769997
2022-07-06,100.690002
2022-07-07,104.650002
2022-07-08,107.019997
2022-07-11,107.099998
2022-07-12,99.489998
2022-07-13,99.570000
2022-07-14,99.099998
2022-07-15,101.160004
2022-07-18,106.269997
2022-07-19,107.349998
2022-07-20,106.919998
2022-07-21,103.860001
2022-07-22,103.199997
2022-07-25,105.150002
2022-07-26,104.400002
2022-07-27,106.620003
2022-07-28,107.139999
2022-07-29,110.010002
2022-08-01,100.029999
2022-08-02,100.540001
2022-08-03,96.779999
2022-08-04,94.120003
2022-08-05,94.919998
2022-08-08,96.650002
2022-08-09,96.309998
2022-08-10,97.400002
2022-08-11,99.599998
2022-08-12,98.150002
2022-08-15,95.099998
2022-08-16,92.339996
2022-08-17,93.650002
2022-08-18,96.589996
2022-08-19,96.720001
2022-08-22,96.480003
2022-08-23,100.220001
2022-08-24,101.220001
2022-08-25,99.339996
2022-08-26,100.989998
2022-08-29,105.089996
2022-08-30,99.309998
2022-08-31,96.489998
2022-09-01,92.360001
2022-09-02,93.019997
2022-09-06,92.830002
2022-09-07,88.000000
2022-09-08,89.150002
2022-09-09,92.839996
2022-09-12,94.000000
2022-09-13,93.169998
2022-09-14,94.099998
2022-09-15,90.839996
2022-09-16,91.349998
2022-09-19,92.000000
2022-09-20,90.620003
2022-09-21,89.830002
2022-09-22,90.459999
2022-09-23,86.150002
2022-09-26,84.059998
2022-09-27,86.269997
2022-09-28,89.320000
2022-09-29,88.489998
2022-09-30,87.959999
2022-10-03,88.860001
2022-10-04,91.800003
2022-10-05,93.370003
2022-10-06,94.419998
2022-10-07,97.919998
2022-10-10,96.190002
2022-10-11,94.290001
2022-10-12,92.449997
2022-10-13,94.570000
2022-10-14,91.629997
2022-10-17,91.620003
2022-10-18,90.029999
2022-10-19,92.410004
2022-10-20,92.379997
2022-10-21,93.500000
2022-10-24,93.260002
2022-10-25,93.519997
2022-10-26,95.690002
2022-10-27,96.959999
2022-10-28,95.769997
2022-10-31,94.830002
2022-11-01,94.650002
2022-11-02,96.160004
2022-11-03,94.669998
2022-11-04,98.570000
2022-11-07,97.919998
2022-11-08,95.360001
2022-11-09,92.650002
2022-11-10,93.669998
2022-11-11,95.989998
2022-11-14,93.139999
2022-11-15,93.860001
2022-11-16,92.860001
2022-11-17,89.779999
2022-11-18,87.620003
2022-11-21,87.449997
2022-11-22,88.360001
2022-11-23,85.410004
2022-11-25,83.629997
2022-11-28,83.190002
2022-11-29,83.029999
2022-11-30,85.430000
2022-12-01,86.879997
2022-12-02,85.570000
2022-12-05,82.680000
2022-12-06,79.349998
2022-12-07,77.169998
2022-12-08,76.150002
2022-12-09,76.099998
2022-12-12,77.989998
2022-12-13,80.680000
2022-12-14,82.699997
2022-12-15,81.209999
2022-12-16,79.040001
2022-12-19,79.800003
2022-12-20,79.989998
2022-12-21,82.199997
2022-12-22,80.980003
2022-12-23,83.919998
2022-12-27,84.330002
2022-12-28,83.260002
2022-12-29,82.260002
2022-12-30,85.910004
2023-01-03,82.099998
2023-01-04,77.839996
2023-01-05,78.690002
2023-01-06,78.570000
2023-01-09,79.650002
2023-01-10,80.099998
2023-01-11,82.669998
2023-01-12,84.029999
2023-01-13,85.279999
2023-01-17,85.919998
2023-01-18,84.980003
2023-01-19,86.160004
2023-01-20,87.629997
2023-01-23,88.190002
2023-01-24,86.129997
2023-01-25,86.120003
2023-01-26,87.470001
2023-01-27,86.660004
2023-01-30,84.900002
2023-01-31,84.489998
2023-02-01,82.839996
2023-02-02,82.169998
2023-02-03,79.940002
2023-02-06,80.989998
2023-02-07,83.690002
2023-02-08,85.089996
2023-02-09,84.500000
2023-02-10,86.389999
2023-02-13,86.610001
2023-02-14,85.580002
2023-02-15,85.379997
2023-02-16,85.139999
2023-02-17,83.000000
2023-02-21,83.050003
2023-02-22,80.599998
2023-02-23,82.209999
2023-02-24,83.160004
2023-02-27,82.449997
2023-02-28,83.889999
2023-03-01,84.309998
2023-03-02,84.750000
2023-03-03,85.830002
2023-03-06,86.180000
2023-03-07,83.290001
2023-03-08,82.660004
2023-03-09,81.589996
2023-03-10,82.779999
2023-03-13,80.769997
2023-03-14,77.449997
2023-03-15,73.690002
2023-03-16,74.699997
2023-03-17,72.970001
2023-03-20,73.790001
2023-03-21,75.320000
2023-03-22,76.690002
2023-03-23,75.910004
2023-03-24,74.989998
2023-03-27,78.120003
2023-03-28,78.650002
2023-03-29,78.279999
2023-03-30,79.269997
2023-03-31,79.769997
2023-04-03,84.930000
2023-04-04,84.940002
2023-04-05,84.989998
2023-04-06,85.120003
2023-04-10,84.180000
2023-04-11,85.610001
2023-04-12,87.330002
2023-04-13,86.089996
2023-04-14,86.309998
2023-04-17,84.760002
2023-04-18,84.769997
2023-04-19,83.120003
2023-04-20,81.099998
2023-04-21,81.660004
2023-04-24,82.730003
2023-04-25,80.769997
2023-04-26,77.690002
2023-04-27,78.370003
2023-04-28,79.540001
2023-05-01,79.309998
2023-05-02,75.320000
2023-05-03,72.330002
2023-05-04,72.500000
2023-05-05,75.300003
2023-05-08,77.010002
2023-05-09,77.440002
2023-05-10,76.410004
2023-05-11,74.980003
2023-05-12,74.169998
2023-05-15,75.230003
2023-05-16,74.910004
2023-05-17,76.959999
2023-05-18,75.860001
2023-05-19,75.580002
2023-05-22,75.989998
2023-05-23,76.839996
2023-05-24,78.360001
2023-05-25,76.260002
2023-05-26,76.949997
2023-05-30,73.540001
2023-05-31,72.660004
2023-06-01,74.279999
2023-06-02,76.129997
2023-06-05,76.709999
2023-06-06,76.290001
2023-06-07,76.949997
2023-06-08,75.959999
2023-06-09,74.790001
2023-06-12,71.839996
2023-06-13,74.290001
2023-06-14,73.199997
2023-06-15,75.669998
2023-06-16,76.610001
2023-06-20,75.900002
2023-06-21,77.120003
2023-06-22,74.139999
2023-06-23,73.849998
2023-06-26,74.180000
2023-06-27,72.260002
2023-06-28,74.029999
2023-06-29,74.339996
2023-06-30,74.900002
2023-07-03,74.650002
2023-07-05,76.650002
2023-07-06,76.519997
2023-07-07,78.470001
2023-07-10,77.690002
2023-07-11,79.400002
2023-07-12,80.110001
2023-07-13,81.360001
2023-07-14,79.870003
2023-07-17,78.500000
2023-07-18,79.629997
2023-07-19,79.459999
2023-07-20,79.639999
2023-07-21,81.070000
2023-07-24,82.739998
2023-07-25,83.639999
2023-07-26,82.919998
2023-07-27,84.239998
2023-07-28,84.989998
2023-07-31,85.559998
2023-08-01,84.910004
2023-08-02,83.199997
2023-08-03,85.139999
2023-08-04,86.239998
2023-08-07,85.339996
2023-08-08,86.169998
2023-08-09,87.550003
2023-08-10,86.400002
2023-08-11,86.809998
2023-08-14,86.209999
2023-08-15,84.889999
2023-08-16,83.449997
2023-08-17,84.120003
2023-08-18,84.800003
2023-08-21,84.459999
2023-08-22,84.029999
2023-08-23,83.209999
2023-08-24,83.360001
2023-08-25,84.480003
2023-08-28,84.419998
2023-08-29,85.489998
2023-08-30,85.860001
2023-08-31,86.860001
2023-09-01,88.550003
2023-09-05,90.040001
2023-09-06,90.599998
2023-09-07,89.919998
2023-09-08,90.650002
2023-09-11,90.639999
2023-09-12,92.059998
2023-09-13,91.879997
2023-09-14,93.699997
2023-09-15,93.930000
2023-09-18,94.430000
2023-09-19,94.339996
2023-09-20,93.529999
2023-09-21,93.300003
2023-09-22,93.269997
2023-09-25,93.290001
2023-09-26,93.959999
2023-09-27,96.550003
2023-09-28,95.379997
2023-09-29,95.309998
2023-10-02,90.709999
2023-10-03,90.919998
2023-10-04,85.809998
2023-10-05,84.070000
2023-10-06,84.580002
2023-10-09,88.150002
2023-10-10,87.650002
2023-10-11,85.820000
2023-10-12,86.000000
2023-10-13,90.889999
2023-10-16,89.650002
2023-10-17,89.900002
2023-10-18,91.500000
2023-10-19,92.379997
2023-10-20,92.160004
2023-10-23,89.830002
2023-10-24,88.070000
2023-10-25,90.129997
2023-10-26,87.930000
2023-10-27,90.480003
2023-10-30,87.449997
2023-10-31,87.410004
2023-11-01,84.629997
2023-11-02,86.849998
2023-11-03,84.889999
2023-11-06,85.180000
2023-11-07,81.610001
2023-11-08,79.540001
2023-11-09,80.010002
2023-11-10,81.430000
2023-11-13,82.519997
2023-11-14,82.470001
2023-11-15,81.180000
2023-11-16,77.419998
2023-11-17,80.610001
2023-11-20,82.320000
2023-11-21,82.449997
2023-11-22,81.959999
2023-11-23,81.370003
2023-11-24,80.580002
2023-11-27,79.980003
2023-11-28,81.680000
2023-11-29,83.099998
2023-11-30,82.830002
2023-12-01,78.879997
2023-12-04,78.029999
2023-12-05,77.199997
2023-12-06,74.300003
2023-12-07,74.050003
2023-12-08,75.839996
2023-12-11,76.029999
2023-12-12,73.239998
2023-12-13,74.260002
2023-12-14,76.610001
2023-12-15,76.550003
2023-12-18,77.949997
2023-12-19,79.230003
2023-12-20,79.699997
2023-12-21,79.389999
2023-12-22,79.070000
2023-12-26,81.070000
2023-12-27,79.650002
2023-12-28,78.389999
2023-12-29,77.040001
2024-01-02,75.889999
2024-01-03,78.250000
2024-01-04,77.589996
2024-01-05,78.760002
2024-01-08,76.120003
2024-01-09,77.589996
2024-01-10,76.800003
2024-01-11,77.410004
2024-01-12,78.290001
2024-01-16,78.290001
2024-01-17,77.879997
2024-01-18,79.099998
2024-01-19,78.559998
2024-01-22,80.059998
2024-01-23,79.550003
2024-01-24,80.040001
2024-01-25,82.430000
2024-01-26,83.550003
2024-01-29,82.400002
2024-01-30,82.870003
2024-01-31,81.709999
2024-02-01,78.699997
2024-02-02,77.330002
2024-02-05,77.989998
2024-02-06,78.589996
2024-02-07,79.209999
2024-02-08,81.629997
2024-02-09,82.190002
2024-02-12,82.000000
2024-02-13,82.769997
2024-02-14,81.599998
2024-02-15,82.860001
2024-02-16,83.470001
2024-02-20,82.339996
2024-02-21,83.029999
2024-02-22,83.669998
2024-02-23,81.620003
2024-02-26,82.529999
2024-02-27,83.650002
2024-02-28,83.680000
2024-02-29,83.620003
2024-03-01,83.550003
2024-03-04,82.800003
2024-03-05,82.040001
2024-03-06,82.959999
2024-03-07,82.959999
2024-03-08,82.080002
2024-03-11,82.209999
2024-03-12,81.919998
2024-03-13,84.029999
2024-03-14,85.419998
2024-03-15,85.339996
2024-03-18,86.889999
2024-03-19,87.379997
2024-03-20,85.949997
2024-03-21,85.779999
2024-03-22,85.430000
2024-03-25,86.750000
2024-03-26,86.250000
2024-03-27,86.089996
2024-03-28,87.480003
2024-04-01,87.419998
2024-04-02,88.919998
2024-04-03,89.349998
2024-04-04,90.650002
2024-04-05,91.169998
2024-04-08,90.379997
2024-04-09,89.419998
2024-04-10,90.480003
2024-04-11,89.739998
2024-04-12,90.449997
2024-04-15,90.099998
2024-04-16,90.019997
2024-04-17,87.290001
2024-04-18,87.110001
2024-04-19,87.290001
2024-04-22,87.000000
2024-04-23,88.419998
2024-04-24,88.019997
2024-04-25,89.010002
2024-04-26,89.500000
2024-04-29,88.400002
2024-04-30,87.860001
2024-05-01,83.440002
2024-05-02,83.669998
2024-05-03,82.959999
2024-05-06,83.330002
2024-05-07,83.160004
2024-05-08,83.580002
2024-05-09,83.879997
2024-05-10,82.790001
2024-05-13,83.360001
2024-05-14,82.379997
2024-05-15,82.750000
2024-05-16,83.269997
2024-05-17,83.980003
2024-05-20,83.709999
2024-05-21,82.879997
2024-05-22,81.900002
2024-05-23,81.360001
2024-05-24,82.120003
2024-05-28,84.220001
2024-05-29,83.599998
2024-05-30,81.860001
2024-05-31,81.620003
2024-06-03,78.360001
2024-06-04,77.519997
2024-06-05,78.410004
2024-06-06,79.870003
2024-06-07,79.620003
2024-06-10,81.629997
2024-06-11,81.919998
2024-06-12,82.599998
2024-06-13,82.750000
2024-06-14,82.620003
2024-06-17,84.250000
2024-06-18,85.330002
2024-06-20,85.709999
2024-06-21,85.239998
2024-06-24,86.010002
2024-06-25,85.010002
2024-06-26,85.250000
2024-06-27,86.389999
2024-06-28,86.410004
2024-07-01,86.599998
2024-07-02,86.239998
2024-07-03,87.339996
2024-07-05,86.540001
2024-07-08,85.750000
2024-07-09,84.660004
2024-07-10,85.080002
2024-07-11,85.400002
2024-07-12,85.029999
2024-07-15,84.849998
2024-07-16,83.730003
2024-07-17,85.080002
2024-07-18,85.110001
2024-07-19,82.629997
2024-07-22,82.400002
2024-07-23,81.010002
2024-07-24,81.709999
2024-07-25,82.370003
2024-07-26,81.129997
2024-07-29,79.779999
2024-07-30,78.629997
2024-07-31,80.720001
2024-08-01,79.519997
2024-08-02,76.809998
2024-08-05,76.300003
2024-08-06,76.480003
2024-08-07,78.330002
2024-08-08,79.160004
2024-08-09,79.660004
2024-08-12,82.300003
2024-08-13,80.690002
2024-08-14,79.760002
2024-08-15,81.040001
2024-08-16,79.680000
2024-08-19,77.660004
2024-08-20,77.199997
2024-08-21,76.050003
2024-08-22,77.220001
2024-08-23,79.019997
2024-08-26,81.430000
2024-08-27,79.550003
2024-08-28,78.650002
2024-08-29,79.940002
2024-08-30,78.800003
2024-09-03,73.750000
2024-09-04,72.699997
2024-09-05,72.690002
2024-09-06,71.059998
2024-09-09,71.839996
2024-09-10,69.190002
2024-09-11,70.610001
2024-09-12,71.970001
2024-09-13,71.610001
2024-09-16,72.750000
2024-09-17,73.699997
2024-09-18,73.650002
2024-09-19,74.879997
2024-09-20,74.489998
2024-09-23,73.900002
2024-09-24,75.169998
2024-09-25,73.459999
2024-09-26,71.599998
2024-09-27,71.980003
2024-09-30,71.769997
2024-10-01,73.559998
2024-10-02,73.900002
2024-10-03,77.620003
2024-10-04,78.050003
2024-10-07,80.930000
2024-10-08,77.180000
2024-10-09,76.580002
2024-10-10,79.400002
2024-10-11,79.040001
2024-10-14,77.459999
2024-10-15,74.250000
2024-10-16,74.220001
2024-10-17,74.449997
2024-10-18,73.059998
2024-10-21,74.290001
2024-10-22,76.040001
2024-10-23,74.959999
2024-10-24,74.379997
2024-10-25,76.050003
2024-10-28,71.419998
2024-10-29,71.120003
2024-10-30,72.550003
2024-10-31,73.160004
2024-11-01,73.099998
2024-11-04,75.080002
2024-11-05,75.529999
2024-11-06,74.919998
2024-11-07,75.629997
2024-11-08,73.870003
2024-11-11,71.830002
2024-11-12,71.889999
2024-11-13,72.279999
2024-11-14,72.559998
2024-11-15,71.040001
2024-11-18,73.300003
2024-11-19,73.309998
2024-11-20,72.809998
2024-11-21,74.230003
2024-11-22,75.169998
2024-11-25,73.010002
2024-11-26,72.809998
2024-11-27,72.830002
2024-11-29,72.940002
2024-12-02,71.830002
2024-12-03,73.620003
2024-12-04,72.309998
2024-12-05,72.089996
2024-12-06,71.120003
2024-12-09,72.139999
2024-12-10,72.190002
2024-12-11,73.519997
2024-12-12,73.410004
2024-12-13,74.489998
2024-12-16,73.910004
2024-12-17,73.190002
2024-12-18,73.389999
2024-12-19,72.879997
2024-12-20,72.940002
2024-12-23,72.629997
2024-12-24,73.580002
2024-12-26,73.260002
2024-12-27,74.169998
2024-12-30,74.389999
2024-12-31,74.639999
2025-01-02,75.930000
2025-01-03,76.510002
2025-01-06,76.300003
2025-01-07,77.050003
2025-01-08,76.160004
2025-01-09,76.919998
2025-01-10,79.760002
2025-01-13,81.010002
2025-01-14,79.919998
2025-01-15,82.029999
2025-01-16,81.290001
2025-01-17,80.790001
2025-01-21,79.290001
2025-01-22,79.000000
2025-01-23,78.290001
2025-01-24,78.500000
2025-01-27,77.080002
2025-01-28,77.489998
2025-01-29,76.580002
2025-01-30,76.870003
2025-01-31,76.760002
2025-02-03,75.959999
2025-02-04,76.199997
2025-02-05,74.610001
2025-02-06,74.290001
2025-02-07,74.660004
2025-02-10,75.870003
2025-02-11,77.000000
2025-02-12,75.180000
2025-02-13,75.019997
2025-02-14,74.739998
2025-02-18,75.839996
2025-02-19,76.040001
2025-02-20,76.480003
2025-02-21,74.430000
2025-02-24,74.779999
2025-02-25,73.019997
2025-02-26,72.529999
2025-02-27,74.040001
2025-02-28,73.180000
2025-03-03,71.620003
2025-03-04,71.040001
2025-03-05,69.300003
2025-03-06,69.459999
2025-03-07,70.360001
2025-03-10,69.279999
2025-03-11,69.559998
2025-03-12,70.949997
2025-03-13,69.879997
2025-03-14,70.580002
2025-03-17,71.070000
2025-03-18,70.559998
2025-03-19,70.779999
2025-03-20,72.000000
2025-03-21,72.160004
2025-03-24,73.000000
2025-03-25,73.019997
2025-03-26,73.790001
2025-03-27,74.029999
2025-03-28,73.629997
2025-03-31,74.739998
2025-04-01,74.489998
2025-04-02,74.949997
2025-04-03,70.139999
2025-04-04,65.580002
2025-04-07,64.209999
2025-04-08,62.820000
2025-04-09,65.480003
2025-04-10,63.330002
2025-04-11,64.760002
2025-04-14,64.879997
2025-04-15,64.669998
2025-04-16,65.849998
2025-04-17,67.959999
2025-04-21,66.260002
2025-04-22,67.440002
2025-04-23,66.120003
2025-04-24,66.550003
2025-04-25,66.870003
2025-04-28,65.860001
2025-04-29,64.250000
2025-04-30,63.119999
2025-05-01,62.130001
2025-05-02,61.290001
2025-05-05,60.230000
2025-05-06,62.150002
2025-05-07,61.119999
2025-05-08,62.840000
2025-05-09,63.910000
2025-05-12,64.959999
2025-05-13,66.629997
2025-05-14,66.089996
2025-05-15,64.529999
2025-05-16,65.410004
2025-05-19,65.540001
2025-05-20,65.379997
2025-05-21,64.910004
2025-05-22,64.440002
2025-05-23,64.779999
2025-05-27,64.089996
2025-05-28,64.900002
2025-05-29,64.150002
2025-05-30,63.900002
2025-06-02,64.629997
2025-06-03,65.629997
2025-06-04,64.860001
2025-06-05,65.339996
2025-06-06,66.470001
2025-06-09,67.040001
2025-06-10,66.870003
2025-06-11,69.769997
2025-06-12,69.360001
2025-06-13,74.230003
2025-06-16,73.230003
2025-06-17,76.449997
2025-06-18,76.699997
2025-06-20,77.010002
2025-06-23,71.480003
2025-06-24,67.139999
2025-06-25,67.680000
2025-06-26,67.730003
2025-06-27,67.769997
2025-06-30,67.610001
2025-07-01,67.110001
2025-07-02,69.110001
2025-07-03,68.800003
2025-07-04,68.290001
2025-07-07,69.580002
2025-07-08,70.150002
2025-07-09,70.190002
2025-07-10,68.639999
2025-07-11,70.360001
2025-07-14,69.209999
2025-07-15,68.709999
2025-07-16,68.519997
2025-07-17,69.519997
2025-07-18,69.279999
2025-07-21,69.209999
2025-07-22,68.589996
2025-07-23,68.510002
2025-07-24,69.180000
2025-07-25,68.440002
2025-07-28,70.040001
2025-07-29,72.510002
2025-07-30,73.239998
2025-07-31,72.529999
2025-08-01,69.669998
2025-08-04,68.760002
2025-08-05,67.639999
2025-08-06,66.889999
2025-08-07,66.430000
2025-08-08,66.589996
2025-08-11,66.629997
2025-08-12,66.120003
2025-08-13,65.629997
2025-08-14,66.839996
2025-08-15,65.849998
2025-08-18,66.599998
2025-08-19,65.790001
2025-08-20,66.839996
2025-08-21,67.669998
2025-08-22,67.730003
2025-08-25,68.800003
2025-08-26,67.220001
2025-08-27,68.050003
2025-08-28,68.620003
2025-08-29,68.120003
2025-09-02,69.139999
2025-09-03,67.599998
2025-09-04,66.989998
2025-09-05,65.500000
2025-09-08,66.019997
2025-09-09,66.389999
2025-09-10,67.489998
2025-09-11,66.370003
2025-09-12,66.989998
2025-09-15,67.440002
2025-09-16,68.470001
2025-09-17,67.949997
2025-09-18,67.440002
2025-09-19,66.680000
2025-09-22,66.570000
2025-09-23,67.629997
2025-09-24,69.309998
2025-09-25,69.419998
2025-09-26,70.129997
2025-09-29,67.970001
2025-09-30,67.019997
2025-10-01,65.349998
2025-10-02,64.110001
2025-10-03,64.529999
2025-10-06,65.470001
2025-10-07,65.449997
2025-10-08,66.250000
2025-10-09,65.220001
2025-10-10,62.730000
2025-10-13,63.320000
2025-10-14,62.389999
2025-10-15,61.910000
2025-10-16,61.060001
2025-10-17,61.290001
2025-10-20,61.009998
2025-10-21,61.320000
2025-10-22,62.590000
2025-10-23,65.989998
2025-10-24,65.940002
2025-10-27,65.620003
2025-10-28,64.400002
2025-10-29,64.919998
2025-10-30,65.000000
2025-10-31,65.070000
2025-11-03,64.889999
2025-11-04,64.440002
2025-11-05,63.520000
2025-11-06,63.380001
2025-11-07,63.630001
2025-11-10,64.059998
2025-11-11,65.160004
2025-11-12,62.709999
2025-11-13,63.009998
2025-11-14,64.389999
2025-11-17,64.199997
2025-11-18,64.889999
2025-11-19,63.509998
2025-11-20,63.380001
2025-11-21,62.560001
2025-11-24,63.369999
2025-11-25,62.480000
2025-11-26,63.130001
2025-11-28,63.200001
2025-12-01,63.169998
2025-12-02,62.450001
2025-12-03,62.669998
2025-12-04,63.259998
2025-12-05,63.750000
2025-12-08,62.490002
2025-12-09,61.939999
2025-12-10,62.209999
2025-12-11,61.279999
2025-12-12,61.119999
2025-12-15,60.560001
2025-12-16,58.919998
2025-12-17,59.680000
2025-12-18,59.820000
2025-12-19,60.470001
2025-12-22,62.070000
2025-12-23,62.380001
2025-12-24,62.240002
2025-12-26,60.639999
2025-12-29,61.939999
2025-12-30,61.919998
