Date,VIX_INDIA
2020-01-02,11.490000
2020-01-03,12.700000
2020-01-06,14.780000
2020-01-07,14.610000
2020-01-08,15.640000
2020-01-09,14.000000
2020-01-10,14.080000
2020-01-13,14.280000
2020-01-14,13.910000
2020-01-15,14.120000
2020-01-16,14.180000
2020-01-17,14.130000
2020-01-20,15.410000
2020-01-21,15.860000
2020-01-22,16.360001
2020-01-23,15.860000
2020-01-24,15.560000
2020-01-27,17.180000
2020-01-28,17.299999
2020-01-29,16.500000
2020-01-30,16.799999
2020-01-31,17.370001
2020-02-03,15.780000
2020-02-04,14.380000
2020-02-05,14.170000
2020-02-06,13.780000
2020-02-07,13.750000
2020-02-10,14.210000
2020-02-11,13.880000
2020-02-12,13.620000
2020-02-13,13.370000
2020-02-14,13.620000
2020-02-17,14.420000
2020-02-18,14.510000
2020-02-19,14.020000
2020-02-20,13.700000
2020-02-24,17.000000
2020-02-25,16.900000
2020-02-26,18.260000
2020-02-27,17.770000
2020-02-28,23.240000
2020-03-02,25.200001
2020-03-03,24.540001
2020-03-04,24.230000
2020-03-05,23.250000
2020-03-06,25.639999
2020-03-09,30.799999
2020-03-11,31.559999
2020-03-12,41.160000
2020-03-13,51.470001
2020-03-16,58.880001
2020-03-17,62.930000
2020-03-18,63.959999
2020-03-19,72.199997
2020-03-20,67.099998
2020-03-23,71.989998
2020-03-24,83.610001
2020-03-25,77.629997
2020-03-26,71.529999
2020-03-27,70.389999
2020-03-30,71.889999
2020-03-31,64.410004
2020-04-01,60.049999
2020-04-03,55.299999
2020-04-07,51.799999
2020-04-08,52.240002
2020-04-09,49.750000
2020-04-13,51.459999
2020-04-15,49.740002
2020-04-16,46.099998
2020-04-17,42.590000
2020-04-20,43.459999
2020-04-21,45.200001
2020-04-22,42.820000
2020-04-23,39.230000
2020-04-24,39.119999
2020-04-27,38.040001
2020-04-28,35.349998
2020-04-29,33.840000
2020-04-30,33.990002
2020-05-04,43.669998
2020-05-05,43.610001
2020-05-06,41.250000
2020-05-07,39.930000
2020-05-08,38.410000
2020-05-11,38.040001
2020-05-12,38.209999
2020-05-13,38.840000
2020-05-14,38.180000
2020-05-15,38.020000
2020-05-18,40.919998
2020-05-19,39.450001
2020-05-20,35.810001
2020-05-21,32.990002
2020-05-22,32.380001
2020-05-26,31.469999
2020-05-27,31.270000
2020-05-28,30.020000
2020-05-29,30.219999
2020-06-01,30.740000
2020-06-02,30.120001
2020-06-03,30.040001
2020-06-04,29.690001
2020-06-05,28.680000
2020-06-08,29.650000
2020-06-09,30.209999
2020-06-10,29.440001
2020-06-11,29.660000
2020-06-12,30.820000
2020-06-15,32.580002
2020-06-16,32.970001
2020-06-17,33.349998
2020-06-18,31.459999
2020-06-19,29.969999
2020-06-22,30.459999
2020-06-23,29.340000
2020-06-24,29.580000
2020-06-25,29.730000
2020-06-26,28.740000
2020-06-29,28.910000
2020-06-30,29.120001
2020-07-01,28.120001
2020-07-02,26.510000
2020-07-03,25.770000
2020-07-06,25.200001
2020-07-07,25.100000
2020-07-08,26.100000
2020-07-09,24.910000
2020-07-10,24.940001
2020-07-13,25.250000
2020-07-14,26.639999
2020-07-15,26.290001
2020-07-16,25.360001
2020-07-17,24.160000
2020-07-20,24.709999
2020-07-21,24.430000
2020-07-22,24.889999
2020-07-23,24.639999
2020-07-24,24.540001
2020-07-27,25.020000
2020-07-28,23.639999
2020-07-29,24.110001
2020-07-30,24.730000
2020-07-31,24.190001
2020-08-03,25.190001
2020-08-04,23.820000
2020-08-05,23.570000
2020-08-06,23.150000
2020-08-07,22.580000
2020-08-10,22.510000
2020-08-11,21.360001
2020-08-12,20.850000
2020-08-13,20.570000
2020-08-14,21.670000
2020-08-17,21.309999
2020-08-18,20.430000
2020-08-19,19.959999
2020-08-20,20.620001
2020-08-21,19.940001
2020-08-24,19.230000
2020-08-25,19.320000
2020-08-26,19.299999
2020-08-27,18.900000
2020-08-28,18.350000
2020-08-31,22.840000
2020-09-01,21.799999
2020-09-02,21.110001
2020-09-03,20.500000
2020-09-04,22.150000
2020-09-07,22.010000
2020-09-08,22.719999
2020-09-09,22.230000
2020-09-10,21.260000
2020-09-11,20.709999
2020-09-14,21.190001
2020-09-15,20.600000
2020-09-16,19.660000
2020-09-17,20.100000
2020-09-18,20.049999
2020-09-21,22.190001
2020-09-22,21.410000
2020-09-23,20.990000
2020-09-24,23.510000
2020-09-25,20.680000
2020-09-28,19.570000
2020-09-29,19.770000
2020-09-30,19.530001
2020-10-01,18.350000
2020-10-05,19.700001
2020-10-06,19.639999
2020-10-07,20.059999
2020-10-08,20.379999
2020-10-09,20.379999
2020-10-12,21.129999
2020-10-13,20.719999
2020-10-14,20.209999
2020-10-15,22.059999
2020-10-16,21.650000
2020-10-19,21.820000
2020-10-20,22.690001
2020-10-21,22.920000
2020-10-22,22.639999
2020-10-23,21.830000
2020-10-26,22.830000
2020-10-27,22.200001
2020-10-28,23.280001
2020-10-29,24.020000
2020-10-30,24.750000
2020-11-02,25.209999
2020-11-03,24.240000
2020-11-04,23.200001
2020-11-05,20.969999
2020-11-06,20.500000
2020-11-09,20.110001
2020-11-10,21.580000
2020-11-11,22.030001
2020-11-12,20.620001
2020-11-13,19.700001
2020-11-17,19.799999
2020-11-18,19.120001
2020-11-19,19.570000
2020-11-20,19.620001
2020-11-23,20.799999
2020-11-24,21.059999
2020-11-25,23.129999
2020-11-26,20.020000
2020-11-27,19.820000
2020-12-01,20.180000
2020-12-02,19.910000
2020-12-03,19.000000
2020-12-04,18.030001
2020-12-07,18.020000
2020-12-08,18.620001
2020-12-09,18.920000
2020-12-10,18.709999
2020-12-11,18.790001
2020-12-14,19.400000
2020-12-15,19.350000
2020-12-16,19.200001
2020-12-17,19.160000
2020-12-18,18.620001
2020-12-21,23.190001
2020-12-22,21.990000
2020-12-23,20.500000
2020-12-24,19.969999
2020-12-28,20.430000
2020-12-29,20.790001
2020-12-30,21.110001
2020-12-31,21.100000
2021-01-04,20.030001
2021-01-05,20.459999
2021-01-06,21.000000
2021-01-07,20.620001
2021-01-08,20.639999
2021-01-11,22.379999
2021-01-12,22.850000
2021-01-13,23.290001
2021-01-14,23.030001
2021-01-15,24.010000
2021-01-18,24.400000
2021-01-19,22.900000
2021-01-20,21.549999
2021-01-21,22.180000
2021-01-25,23.250000
2021-01-27,24.389999
2021-01-28,24.290001
2021-01-29,25.340000
2021-02-01,23.320000
2021-02-02,23.350000
2021-02-03,23.750000
2021-02-04,23.120001
2021-02-05,23.420000
2021-02-08,23.959999
2021-02-09,24.270000
2021-02-10,23.950001
2021-02-11,23.049999
2021-02-12,22.040001
2021-02-16,21.780001
2021-02-18,21.540001
2021-02-19,22.250000
2021-02-22,25.469999
2021-02-23,25.230000
2021-02-24,24.170000
2021-02-25,22.889999
2021-02-26,28.139999
2021-03-01,25.629999
2021-03-02,23.610001
2021-03-03,22.090000
2021-03-04,24.150000
2021-03-05,25.559999
2021-03-08,24.680000
2021-03-09,22.500000
2021-03-10,20.750000
2021-03-12,21.709999
2021-03-15,21.230000
2021-03-16,20.190001
2021-03-17,20.160000
2021-03-18,20.080000
2021-03-19,19.990000
2021-03-22,20.490000
2021-03-23,20.670000
2021-03-24,22.459999
2021-03-25,22.700001
2021-03-26,20.650000
2021-03-30,20.490000
2021-03-31,20.650000
2021-04-01,19.990000
2021-04-05,21.219999
2021-04-06,20.840000
2021-04-07,20.250000
2021-04-08,20.309999
2021-04-09,19.790001
2021-04-12,23.000000
2021-04-13,20.459999
2021-04-15,20.889999
2021-04-16,20.400000
2021-04-19,22.490000
2021-04-20,22.430000
2021-04-22,23.030001
2021-04-23,22.690001
2021-04-26,23.500000
2021-04-27,23.080000
2021-04-28,22.580000
2021-04-29,23.309999
2021-04-30,23.030001
2021-05-03,23.690001
2021-05-04,23.010000
2021-05-06,22.040001
2021-05-07,20.820000
2021-05-10,20.230000
2021-05-12,20.080000
2021-05-14,20.270000
2021-05-17,19.610001
2021-05-18,19.240000
2021-05-19,19.320000
2021-05-21,19.080000
2021-05-24,19.129999
2021-05-26,20.870001
2021-05-27,19.910000
2021-05-28,17.400000
2021-06-01,17.389999
2021-06-02,17.209999
2021-06-03,15.750000
2021-06-04,15.940000
2021-06-07,15.570000
2021-06-08,15.230000
2021-06-09,14.750000
2021-06-10,15.000000
2021-06-11,14.100000
2021-06-14,14.720000
2021-06-15,14.610000
2021-06-16,14.870000
2021-06-17,15.290000
2021-06-18,14.800000
2021-06-21,15.060000
2021-06-22,14.740000
2021-06-23,15.370000
2021-06-24,15.100000
2021-06-25,13.370000
2021-06-28,13.400000
2021-06-29,13.000000
2021-06-30,13.050000
2021-07-01,12.840000
2021-07-02,12.090000
2021-07-06,12.280000
2021-07-07,12.210000
2021-07-08,13.560000
2021-07-09,12.940000
2021-07-12,12.990000
2021-07-13,12.620000
2021-07-14,12.590000
2021-07-15,12.270000
2021-07-16,11.710000
2021-07-19,12.680000
2021-07-20,13.210000
2021-07-22,11.890000
2021-07-23,11.760000
2021-07-26,12.450000
2021-07-27,13.230000
2021-07-28,13.690000
2021-07-29,12.950000
2021-07-30,12.800000
2021-08-02,12.810000
2021-08-03,13.750000
2021-08-04,13.210000
2021-08-05,12.870000
2021-08-06,12.610000
2021-08-09,12.610000
2021-08-10,12.710000
2021-08-11,12.710000
2021-08-12,12.370000
2021-08-13,12.990000
2021-08-16,13.460000
2021-08-17,13.410000
2021-08-18,12.910000
2021-08-20,14.020000
2021-08-23,13.690000
2021-08-24,13.190000
2021-08-25,13.500000
2021-08-26,13.540000
2021-08-27,13.410000
2021-08-30,13.320000
2021-08-31,14.520000
2021-09-01,14.190000
2021-09-02,14.240000
2021-09-03,14.540000
2021-09-06,15.110000
2021-09-07,14.900000
2021-09-08,14.410000
2021-09-09,13.940000
2021-09-13,14.030000
2021-09-14,13.580000
2021-09-15,13.730000
2021-09-16,14.410000
2021-09-17,15.230000
2021-09-20,17.490000
2021-09-21,16.520000
2021-09-22,16.490000
2021-09-23,16.600000
2021-09-24,16.920000
2021-09-27,18.049999
2021-09-28,18.540001
2021-09-29,18.840000
2021-09-30,18.400000
2021-10-01,17.209999
2021-10-04,16.740000
2021-10-05,16.400000
2021-10-06,17.330000
2021-10-07,16.160000
2021-10-08,15.650000
2021-10-11,16.090000
2021-10-12,15.850000
2021-10-13,16.100000
2021-10-14,15.770000
2021-10-18,17.180000
2021-10-19,17.379999
2021-10-20,18.309999
2021-10-21,18.040001
2021-10-22,17.549999
2021-10-25,17.610001
2021-10-26,16.750000
2021-10-27,16.830000
2021-10-28,17.910000
2021-10-29,17.430000
2021-11-01,17.240000
2021-11-02,17.059999
2021-11-03,16.129999
2021-11-04,15.750000
2021-11-08,16.340000
2021-11-09,16.000000
2021-11-10,16.309999
2021-11-11,16.350000
2021-11-12,15.220000
2021-11-15,15.470000
2021-11-16,15.200000
2021-11-17,14.980000
2021-11-18,14.860000
2021-11-22,17.520000
2021-11-23,18.020000
2021-11-24,17.100000
2021-11-25,16.660000
2021-11-26,20.799999
2021-11-29,20.830000
2021-11-30,21.170000
2021-12-01,19.450001
2021-12-02,18.090000
2021-12-03,18.450001
2021-12-06,20.080000
2021-12-07,18.459999
2021-12-08,17.270000
2021-12-09,16.600000
2021-12-10,16.059999
2021-12-13,16.570000
2021-12-14,16.950001
2021-12-15,17.219999
2021-12-16,15.900000
2021-12-17,16.340000
2021-12-20,18.969999
2021-12-21,17.540001
2021-12-22,16.580000
2021-12-23,15.830000
2021-12-24,16.150000
2021-12-27,17.120001
2021-12-28,16.480000
2021-12-29,16.240000
2021-12-30,16.570000
2021-12-31,16.219999
2022-01-03,16.450001
2022-01-04,16.120001
2022-01-05,17.230000
2022-01-06,17.980000
2022-01-07,17.600000
2022-01-10,17.680000
2022-01-11,17.760000
2022-01-12,17.180000
2022-01-13,16.700001
2022-01-14,16.559999
2022-01-17,16.770000
2022-01-18,17.780001
2022-01-19,17.820000
2022-01-20,17.790001
2022-01-21,18.889999
2022-01-24,22.830000
2022-01-25,21.360001
2022-01-27,21.070000
2022-01-28,20.700001
2022-01-31,21.950001
2022-02-01,19.980000
2022-02-02,18.650000
2022-02-03,19.160000
2022-02-04,18.900000
2022-02-07,20.440001
2022-02-08,19.680000
2022-02-09,18.559999
2022-02-10,17.709999
2022-02-11,18.680000
2022-02-14,22.980000
2022-02-15,20.610001
2022-02-16,20.590000
2022-02-17,22.010000
2022-02-18,22.170000
2022-02-21,22.900000
2022-02-22,26.660000
2022-02-23,24.540001
2022-02-24,31.980000
2022-02-25,26.740000
2022-02-28,28.570000
2022-03-02,29.230000
2022-03-03,28.160000
2022-03-04,27.959999
2022-03-07,29.330000
2022-03-08,28.590000
2022-03-09,27.469999
2022-03-10,25.580000
2022-03-11,25.350000
2022-03-14,25.680000
2022-03-15,26.730000
2022-03-16,24.120001
2022-03-17,22.610001
2022-03-21,24.620001
2022-03-22,24.070000
2022-03-23,24.750000
2022-03-24,23.930000
2022-03-25,23.430000
2022-03-28,22.610001
2022-03-29,21.299999
2022-03-30,20.610001
2022-03-31,20.559999
2022-04-01,18.430000
2022-04-04,17.910000
2022-04-05,18.490000
2022-04-06,19.020000
2022-04-07,19.000000
2022-04-08,17.690001
2022-04-11,18.270000
2022-04-12,18.160000
2022-04-13,17.790001
2022-04-18,19.340000
2022-04-19,19.770000
2022-04-20,18.670000
2022-04-21,17.850000
2022-04-22,18.350000
2022-04-25,21.260000
2022-04-26,19.190001
2022-04-27,20.610001
2022-04-28,19.379999
2022-04-29,19.420000
2022-05-02,20.280001
2022-05-04,21.879999
2022-05-05,20.290001
2022-05-06,21.250000
2022-05-09,22.030001
2022-05-10,22.299999
2022-05-11,22.799999
2022-05-12,24.270000
2022-05-13,23.490000
2022-05-16,24.530001
2022-05-17,22.740000
2022-05-18,22.299999
2022-05-19,24.559999
2022-05-20,23.100000
2022-05-23,23.400000
2022-05-24,25.639999
2022-05-25,25.280001
2022-05-26,22.719999
2022-05-27,21.480000
2022-05-30,19.980000
2022-05-31,20.480000
2022-06-01,20.850000
2022-06-02,20.320000
2022-06-03,19.980000
2022-06-06,20.200001
2022-06-07,20.430000
2022-06-08,19.840000
2022-06-09,19.139999
2022-06-10,19.580000
2022-06-13,22.370001
2022-06-14,21.889999
2022-06-15,22.150000
2022-06-16,22.870001
2022-06-17,22.760000
2022-06-20,22.410000
2022-06-21,21.139999
2022-06-22,21.299999
2022-06-23,20.879999
2022-06-24,20.549999
2022-06-27,21.010000
2022-06-28,21.450001
2022-06-29,21.900000
2022-06-30,21.840000
2022-07-01,21.250000
2022-07-04,20.969999
2022-07-05,20.790001
2022-07-06,20.270000
2022-07-07,19.200001
2022-07-08,18.400000
2022-07-11,18.370001
2022-07-12,18.549999
2022-07-13,18.520000
2022-07-14,18.340000
2022-07-15,17.600000
2022-07-18,17.160000
2022-07-19,17.200001
2022-07-20,16.820000
2022-07-21,16.860001
2022-07-22,16.650000
2022-07-25,17.680000
2022-07-26,18.170000
2022-07-27,18.129999
2022-07-28,17.010000
2022-07-29,16.549999
2022-08-01,17.490000
2022-08-02,18.530001
2022-08-03,18.450001
2022-08-04,19.260000
2022-08-05,18.920000
2022-08-08,19.299999
2022-08-10,19.590000
2022-08-11,18.360001
2022-08-12,17.610001
2022-08-16,17.680000
2022-08-17,17.680000
2022-08-18,17.350000
2022-08-19,18.290001
2022-08-22,19.040001
2022-08-23,19.049999
2022-08-24,18.430000
2022-08-25,19.570000
2022-08-26,18.219999
2022-08-29,19.820000
2022-08-30,18.700001
2022-09-01,19.870001
2022-09-02,19.549999
2022-09-05,19.660000
2022-09-06,19.520000
2022-09-07,19.370001
2022-09-08,18.309999
2022-09-09,17.719999
2022-09-12,17.940001
2022-09-13,17.469999
2022-09-14,18.280001
2022-09-15,18.389999
2022-09-16,19.820000
2022-09-19,19.940001
2022-09-20,18.799999
2022-09-21,19.330000
2022-09-22,18.820000
2022-09-23,20.590000
2022-09-26,21.889999
2022-09-27,21.570000
2022-09-28,22.100000
2022-09-29,21.299999
2022-09-30,19.969999
2022-10-03,21.370001
2022-10-04,19.570000
2022-10-06,19.320000
2022-10-07,18.809999
2022-10-10,19.620001
2022-10-11,20.490000
2022-10-12,20.180000
2022-10-13,20.290001
2022-10-14,18.260000
2022-10-17,18.420000
2022-10-18,17.450001
2022-10-19,17.490000
2022-10-20,17.230000
2022-10-21,17.280001
2022-10-24,17.420000
2022-10-25,16.879999
2022-10-27,16.600000
2022-10-28,15.920000
2022-10-31,15.800000
2022-11-01,16.129999
2022-11-02,16.660000
2022-11-03,15.940000
2022-11-04,15.660000
2022-11-07,15.590000
2022-11-09,15.920000
2022-11-10,15.570000
2022-11-11,14.410000
2022-11-14,14.910000
2022-11-15,14.640000
2022-11-16,15.100000
2022-11-17,14.880000
2022-11-18,14.390000
2022-11-21,14.800000
2022-11-22,13.840000
2022-11-23,14.040000
2022-11-24,13.480000
2022-11-25,13.330000
2022-11-28,13.570000
2022-11-29,13.620000
2022-11-30,13.810000
2022-12-01,13.360000
2022-12-02,13.450000
2022-12-05,13.730000
2022-12-06,14.040000
2022-12-07,14.080000
2022-12-08,13.400000
2022-12-09,13.480000
2022-12-12,13.320000
2022-12-13,12.880000
2022-12-14,12.890000
2022-12-15,13.730000
2022-12-16,14.070000
2022-12-19,13.550000
2022-12-20,13.780000
2022-12-21,15.560000
2022-12-22,15.190000
2022-12-23,16.160000
2022-12-27,15.290000
2022-12-28,15.400000
2022-12-29,14.810000
2022-12-30,14.870000
2023-01-02,14.690000
2023-01-03,14.390000
2023-01-04,15.200000
2023-01-05,14.980000
2023-01-06,15.030000
2023-01-09,14.650000
2023-01-10,15.510000
2023-01-11,15.440000
2023-01-12,15.280000
2023-01-13,14.460000
2023-01-16,15.020000
2023-01-17,14.590000
2023-01-18,14.370000
2023-01-19,13.960000
2023-01-20,13.790000
2023-01-23,13.620000
2023-01-24,13.660000
2023-01-25,14.660000
2023-01-27,17.320000
2023-01-30,17.709999
2023-01-31,16.879999
2023-02-01,16.780001
2023-02-02,15.730000
2023-02-03,14.400000
2023-02-06,14.690000
2023-02-07,14.130000
2023-02-08,13.600000
2023-02-09,13.040000
2023-02-10,12.750000
2023-02-13,13.680000
2023-02-14,13.450000
2023-02-15,12.860000
2023-02-16,12.890000
2023-02-17,13.090000
2023-02-20,13.380000
2023-02-21,14.010000
2023-02-22,15.590000
2023-02-23,15.080000
2023-02-24,14.190000
2023-02-27,13.880000
2023-02-28,14.020000
2023-03-01,13.000000
2023-03-02,12.970000
2023-03-03,12.180000
2023-03-06,12.270000
2023-03-08,12.450000
2023-03-09,12.730000
2023-03-10,13.410000
2023-03-13,16.219999
2023-03-14,16.219999
2023-03-15,16.299999
2023-03-16,16.219999
2023-03-17,14.770000
2023-03-20,16.010000
2023-03-21,15.080000
2023-03-22,14.810000
2023-03-23,14.490000
2023-03-24,15.240000
2023-03-27,15.450000
2023-03-28,15.100000
2023-03-29,13.630000
2023-03-31,12.940000
2023-04-03,12.590000
2023-04-05,12.410000
2023-04-06,11.800000
2023-04-10,12.270000
2023-04-11,11.980000
2023-04-12,12.270000
2023-04-13,11.910000
2023-04-17,12.270000
2023-04-18,12.080000
2023-04-19,12.150000
2023-04-20,11.940000
2023-04-21,11.630000
2023-04-24,11.670000
2023-04-25,11.520000
2023-04-26,11.650000
2023-04-27,11.430000
2023-04-28,10.950000
2023-05-02,11.900000
2023-05-03,11.840000
2023-05-04,11.730000
2023-05-05,12.300000
2023-05-08,12.640000
2023-05-09,12.680000
2023-05-10,13.080000
2023-05-11,13.220000
2023-05-12,12.850000
2023-05-15,13.170000
2023-05-16,13.290000
2023-05-17,13.110000
2023-05-18,12.800000
2023-05-19,12.300000
2023-05-22,12.570000
2023-05-23,12.610000
2023-05-24,13.110000
2023-05-25,12.520000
2023-05-26,11.900000
2023-05-29,12.300000
2023-05-30,12.010000
2023-05-31,11.970000
2023-06-01,11.600000
2023-06-02,11.130000
2023-06-05,11.140000
2023-06-06,11.380000
2023-06-07,11.440000
2023-06-08,11.260000
2023-06-09,11.120000
2023-06-12,11.250000
2023-06-13,11.110000
2023-06-14,11.160000
2023-06-15,11.080000
2023-06-16,10.840000
2023-06-19,11.230000
2023-06-20,11.130000
2023-06-21,11.290000
2023-06-22,11.550000
2023-06-23,11.240000
2023-06-26,11.400000
2023-06-27,10.780000
2023-06-28,10.890000
2023-06-30,10.800000
2023-07-03,11.540000
2023-07-04,11.700000
2023-07-05,11.880000
2023-07-06,11.840000
2023-07-07,11.530000
2023-07-10,11.460000
2023-07-11,11.010000
2023-07-12,10.940000
2023-07-13,10.940000
2023-07-14,10.680000
2023-07-17,11.320000
2023-07-18,11.710000
2023-07-19,11.600000
2023-07-20,11.790000
2023-07-21,11.490000
2023-07-24,11.650000
2023-07-25,10.240000
2023-07-26,10.460000
2023-07-27,10.510000
2023-07-28,10.140000
2023-07-31,10.410000
2023-08-01,10.280000
2023-08-02,11.280000
2023-08-03,11.190000
2023-08-04,10.570000
2023-08-07,11.100000
2023-08-08,11.330000
2023-08-09,11.140000
2023-08-10,11.400000
2023-08-11,11.520000
2023-08-14,12.000000
2023-08-16,12.130000
2023-08-17,12.240000
2023-08-18,12.140000
2023-08-21,11.960000
2023-08-22,11.750000
2023-08-23,11.730000
2023-08-24,11.700000
2023-08-25,12.080000
2023-08-28,12.400000
2023-08-29,12.230000
2023-08-30,11.800000
2023-08-31,12.060000
2023-09-01,11.370000
2023-09-04,10.960000
2023-09-05,10.820000
2023-09-06,10.680000
2023-09-07,10.870000
2023-09-08,10.780000
2023-09-11,11.350000
2023-09-12,11.690000
2023-09-13,11.830000
2023-09-14,11.320000
2023-09-15,10.900000
2023-09-18,10.840000
2023-09-20,11.130000
2023-09-21,10.820000
2023-09-22,10.660000
2023-09-25,10.900000
2023-09-26,11.190000
2023-09-27,11.590000
2023-09-28,12.820000
2023-09-29,11.450000
2023-10-03,11.790000
2023-10-04,11.660000
2023-10-05,10.940000
2023-10-06,10.300000
2023-10-09,11.400000
2023-10-10,11.270000
2023-10-11,10.990000
2023-10-12,10.620000
2023-10-13,10.620000
2023-10-16,11.070000
2023-10-17,10.700000
2023-10-18,10.970000
2023-10-19,10.900000
2023-10-20,10.820000
2023-10-23,10.910000
2023-10-25,11.310000
2023-10-26,11.730000
2023-10-27,10.910000
2023-10-30,11.490000
2023-10-31,11.830000
2023-11-01,12.050000
2023-11-02,11.080000
2023-11-03,10.880000
2023-11-06,11.110000
2023-11-07,11.190000
2023-11-08,11.040000
2023-11-09,10.980000
2023-11-10,11.110000
2023-11-13,11.190000
2023-11-15,11.140000
2023-11-16,11.650000
2023-11-17,11.830000
2023-11-20,12.150000
2023-11-21,12.230000
2023-11-22,11.870000
2023-11-23,11.320000
2023-11-24,11.330000
2023-11-28,12.180000
2023-11-29,12.710000
2023-11-30,12.690000
2023-12-01,12.380000
2023-12-04,12.990000
2023-12-05,13.460000
2023-12-06,13.740000
2023-12-07,12.670000
2023-12-08,12.470000
2023-12-11,12.760000
2023-12-12,12.710000
2023-12-13,12.070000
2023-12-14,12.320000
2023-12-15,13.130000
2023-12-18,13.900000
2023-12-19,13.870000
2023-12-20,14.450000
2023-12-21,13.760000
2023-12-22,13.710000
2023-12-26,14.680000
2023-12-27,15.560000
2023-12-28,15.140000
2023-12-29,14.500000
2024-01-02,14.580000
2024-01-03,14.100000
2024-01-04,13.330000
2024-01-05,12.630000
2024-01-08,13.460000
2024-01-09,13.260000
2024-01-10,12.970000
2024-01-11,12.770000
2024-01-12,13.100000
2024-01-15,13.790000
2024-01-16,13.570000
2024-01-17,15.080000
2024-01-18,14.070000
2024-01-19,13.880000
2024-01-23,14.850000
2024-01-24,14.380000
2024-01-25,13.870000
2024-01-29,15.680000
2024-01-30,16.100000
2024-01-31,16.049999
2024-02-01,14.460000
2024-02-02,14.700000
2024-02-05,15.620000
2024-02-06,15.790000
2024-02-07,15.510000
2024-02-08,15.830000
2024-02-09,15.450000
2024-02-12,16.059999
2024-02-13,15.810000
2024-02-14,15.440000
2024-02-15,15.230000
2024-02-16,15.220000
2024-02-20,16.070000
2024-02-21,15.930000
2024-02-22,15.200000
2024-02-23,14.970000
2024-02-26,15.600000
2024-02-27,15.730000
2024-02-28,16.330000
2024-02-29,15.570000
2024-03-01,15.240000
2024-03-04,14.920000
2024-03-05,14.380000
2024-03-06,14.300000
2024-03-07,13.610000
2024-03-11,14.000000
2024-03-12,13.640000
2024-03-13,14.430000
2024-03-14,13.620000
2024-03-15,13.690000
2024-03-18,13.900000
2024-03-19,14.110000
2024-03-20,13.470000
2024-03-21,12.510000
2024-03-22,12.220000
2024-03-26,12.820000
2024-03-27,12.700000
2024-03-28,12.830000
2024-04-01,12.080000
2024-04-02,11.650000
2024-04-03,11.370000
2024-04-04,11.220000
2024-04-05,11.340000
2024-04-08,11.610000
2024-04-09,11.360000
2024-04-10,11.110000
2024-04-12,11.530000
2024-04-15,12.470000
2024-04-16,12.620000
2024-04-18,13.040000
2024-04-19,13.460000
2024-04-22,12.700000
2024-04-23,10.200000
2024-04-24,10.280000
2024-04-25,10.730000
2024-04-26,10.930000
2024-04-29,12.240000
2024-04-30,12.870000
2024-05-02,13.450000
2024-05-03,14.620000
2024-05-06,16.600000
2024-05-07,17.010000
2024-05-08,17.080000
2024-05-09,18.200001
2024-05-10,18.469999
2024-05-13,20.600000
2024-05-14,20.200001
2024-05-15,20.270000
2024-05-16,20.000000
2024-05-17,19.799999
2024-05-21,21.809999
2024-05-22,21.469999
2024-05-23,21.379999
2024-05-24,21.709999
2024-05-27,23.190001
2024-05-28,24.200001
2024-05-29,24.180000
2024-05-30,24.180000
2024-05-31,24.600000
2024-06-03,20.940001
2024-06-04,26.750000
2024-06-05,18.889999
2024-06-06,16.799999
2024-06-07,16.879999
2024-06-10,16.400000
2024-06-11,14.770000
2024-06-12,14.390000
2024-06-13,13.490000
2024-06-14,12.820000
2024-06-18,12.970000
2024-06-19,13.710000
2024-06-20,13.350000
2024-06-21,13.180000
2024-06-24,14.060000
2024-06-25,14.310000
2024-06-26,14.050000
2024-06-27,14.150000
2024-06-28,13.800000
2024-07-01,13.830000
2024-07-02,13.640000
2024-07-03,13.210000
2024-07-04,12.860000
2024-07-05,12.700000
2024-07-08,13.600000
2024-07-09,14.280000
2024-07-10,14.430000
2024-07-11,14.000000
2024-07-12,13.730000
2024-07-15,14.190000
2024-07-16,14.220000
2024-07-18,14.510000
2024-07-19,14.830000
2024-07-22,15.440000
2024-07-23,12.750000
2024-07-24,11.760000
2024-07-25,12.620000
2024-07-26,12.250000
2024-07-29,12.950000
2024-07-30,12.880000
2024-07-31,13.250000
2024-08-01,12.930000
2024-08-02,14.320000
2024-08-05,20.370001
2024-08-06,18.740000
2024-08-07,16.170000
2024-08-08,16.600000
2024-08-09,15.340000
2024-08-12,15.870000
2024-08-13,16.170000
2024-08-14,15.440000
2024-08-16,14.400000
2024-08-19,14.320000
2024-08-20,13.820000
2024-08-21,13.330000
2024-08-22,13.000000
2024-08-23,13.550000
2024-08-26,13.800000
2024-08-27,13.630000
2024-08-28,13.950000
2024-08-29,13.790000
2024-08-30,13.390000
2024-09-02,14.060000
2024-09-03,13.840000
2024-09-04,14.380000
2024-09-05,14.210000
2024-09-06,15.220000
2024-09-09,14.240000
2024-09-10,13.360000
2024-09-11,13.630000
2024-09-12,13.180000
2024-09-13,12.550000
2024-09-16,12.460000
2024-09-17,12.590000
2024-09-18,13.370000
2024-09-19,12.470000
2024-09-20,12.790000
2024-09-23,13.790000
2024-09-24,13.390000
2024-09-25,12.740000
2024-09-26,12.000000
2024-09-27,11.960000
2024-09-30,12.790000
2024-10-01,11.990000
2024-10-03,13.170000
2024-10-04,14.130000
2024-10-07,15.080000
2024-10-08,14.590000
2024-10-09,14.120000
2024-10-10,13.500000
2024-10-11,13.220000
2024-10-14,13.000000
2024-10-15,13.000000
2024-10-16,13.050000
2024-10-17,13.390000
2024-10-18,13.040000
2024-10-21,13.760000
2024-10-22,14.400000
2024-10-23,14.620000
2024-10-24,13.970000
2024-10-25,14.630000
2024-10-28,14.290000
2024-10-29,14.520000
2024-10-30,15.510000
2024-10-31,15.550000
2024-11-01,15.900000
2024-11-04,16.690001
2024-11-05,16.120001
2024-11-06,14.870000
2024-11-07,14.940000
2024-11-08,14.470000
2024-11-11,14.270000
2024-11-12,14.590000
2024-11-13,15.440000
2024-11-14,14.780000
2024-11-18,15.170000
2024-11-19,15.660000
2024-11-21,15.990000
2024-11-22,16.100000
2024-11-25,15.300000
2024-11-26,15.310000
2024-11-27,14.630000
2024-11-28,15.210000
2024-11-29,14.430000
2024-12-02,14.700000
2024-12-03,14.370000
2024-12-04,14.450000
2024-12-05,14.530000
2024-12-06,14.140000
2024-12-09,14.110000
2024-12-10,13.780000
2024-12-11,13.270000
2024-12-12,13.190000
2024-12-13,13.050000
2024-12-16,14.020000
2024-12-17,14.490000
2024-12-18,14.370000
2024-12-19,14.510000
2024-12-20,15.070000
2024-12-23,13.520000
2024-12-24,13.180000
2024-12-26,14.040000
2024-12-27,13.240000
2024-12-30,13.970000
2024-12-31,14.450000
2025-01-02,13.740000
2025-01-03,13.540000
2025-01-06,15.650000
2025-01-07,14.660000
2025-01-08,14.470000
2025-01-09,14.660000
2025-01-10,14.920000
2025-01-13,16.000000
2025-01-14,15.470000
2025-01-15,15.260000
2025-01-16,15.470000
2025-01-17,15.750000
2025-01-20,16.420000
2025-01-21,17.059999
2025-01-22,16.770000
2025-01-23,16.700001
2025-01-24,16.750000
2025-01-27,18.129999
2025-01-28,18.200001
2025-01-29,18.639999
2025-01-30,17.389999
2025-01-31,16.250000
2025-02-03,14.350000
2025-02-04,14.020000
2025-02-05,14.080000
2025-02-06,14.180000
2025-02-07,13.690000
2025-02-10,14.450000
2025-02-11,14.870000
2025-02-12,14.900000
2025-02-13,14.960000
2025-02-14,15.020000
2025-02-17,15.720000
2025-02-18,15.670000
2025-02-19,15.420000
2025-02-20,14.680000
2025-02-21,14.530000
2025-02-24,14.440000
2025-02-25,13.720000
2025-02-27,13.310000
2025-02-28,13.910000
2025-03-03,13.760000
2025-03-04,13.830000
2025-03-05,13.670000
2025-03-06,13.730000
2025-03-07,13.470000
2025-03-10,13.990000
2025-03-11,14.070000
2025-03-12,13.690000
2025-03-13,13.280000
2025-03-17,13.420000
2025-03-18,13.210000
2025-03-19,13.300000
2025-03-20,12.600000
2025-03-21,12.580000
2025-03-24,13.700000
2025-03-25,13.640000
2025-03-26,13.470000
2025-03-27,13.300000
2025-03-28,12.720000
2025-04-01,13.780000
2025-04-02,13.720000
2025-04-03,13.600000
2025-04-04,13.760000
2025-04-07,22.790001
2025-04-08,20.440001
2025-04-09,21.430000
2025-04-11,20.110001
2025-04-15,16.129999
2025-04-16,15.870000
2025-04-17,15.470000
2025-04-21,15.520000
2025-04-22,15.230000
2025-04-23,15.960000
2025-04-24,16.250000
2025-04-25,17.160000
2025-04-28,16.940001
2025-04-29,17.370001
2025-04-30,18.219999
2025-05-02,18.260000
2025-05-05,18.340000
2025-05-06,19.000000
2025-05-07,19.059999
2025-05-08,21.010000
2025-05-09,21.629999
2025-05-12,18.389999
2025-05-13,18.200001
2025-05-14,17.230000
2025-05-15,16.889999
2025-05-16,16.549999
2025-05-19,17.360001
2025-05-20,17.389999
2025-05-21,17.549999
2025-05-22,17.260000
2025-05-23,17.280001
2025-05-26,18.020000
2025-05-27,18.540001
2025-05-28,18.020000
2025-05-29,16.420000
2025-05-30,16.080000
2025-06-02,17.160000
2025-06-03,16.559999
2025-06-04,15.750000
2025-06-05,15.080000
2025-06-06,14.630000
2025-06-09,14.690000
2025-06-10,14.020000
2025-06-11,13.670000
2025-06-12,14.020000
2025-06-13,15.080000
2025-06-16,14.840000
2025-06-17,14.400000
2025-06-18,14.280000
2025-06-19,14.260000
2025-06-20,13.670000
2025-06-23,14.050000
2025-06-24,13.640000
2025-06-25,12.960000
2025-06-26,12.590000
2025-06-27,12.390000
2025-06-30,12.790000
2025-07-01,12.530000
2025-07-02,12.450000
2025-07-03,12.390000
2025-07-04,12.320000
2025-07-07,12.560000
2025-07-08,12.200000
2025-07-09,11.940000
2025-07-10,11.670000
2025-07-11,11.820000
2025-07-14,11.980000
2025-07-15,11.480000
2025-07-16,11.240000
2025-07-17,11.240000
2025-07-18,11.390000
2025-07-21,11.200000
2025-07-22,10.750000
2025-07-23,10.520000
2025-07-24,10.720000
2025-07-25,11.280000
2025-07-28,12.060000
2025-07-29,11.530000
2025-07-30,11.210000
2025-07-31,11.540000
2025-08-01,11.980000
2025-08-04,11.970000
2025-08-05,11.710000
2025-08-06,11.960000
2025-08-07,11.690000
2025-08-08,12.030000
2025-08-11,12.220000
2025-08-12,12.230000
2025-08-13,12.140000
2025-08-14,12.360000
2025-08-18,12.340000
2025-08-19,11.790000
2025-08-20,11.790000
2025-08-21,11.370000
2025-08-22,11.730000
2025-08-25,11.760000
2025-08-26,12.190000
2025-08-28,12.180000
2025-08-29,11.750000
2025-09-01,11.290000
2025-09-02,11.400000
2025-09-03,10.930000
2025-09-04,10.850000
2025-09-05,10.780000
2025-09-08,10.840000
2025-09-09,10.690000
2025-09-10,10.540000
2025-09-11,10.360000
2025-09-12,10.120000
2025-09-15,10.400000
2025-09-16,10.270000
2025-09-17,10.250000
2025-09-18,9.890000
2025-09-19,9.970000
2025-09-22,10.560000
2025-09-23,10.630000
2025-09-24,10.520000
2025-09-25,10.780000
2025-09-26,11.430000
2025-09-29,11.370000
2025-09-30,11.070000
2025-10-01,10.290000
2025-10-03,10.060000
2025-10-06,10.190000
2025-10-07,10.050000
2025-10-08,10.310000
2025-10-09,10.120000
2025-10-10,10.100000
2025-10-13,11.010000
2025-10-14,11.160000
2025-10-15,10.530000
2025-10-16,10.870000
2025-10-17,11.630000
2025-10-20,11.360000
2025-10-21,11.300000
2025-10-23,11.730000
2025-10-24,11.590000
2025-10-27,11.860000
2025-10-28,11.950000
2025-10-29,11.970000
2025-10-30,12.070000
2025-10-31,12.150000
2025-11-03,12.670000
2025-11-04,12.650000
2025-11-06,12.410000
2025-11-07,12.560000
2025-11-10,12.300000
2025-11-11,12.490000
2025-11-12,12.110000
2025-11-13,12.160000
2025-11-14,11.940000
2025-11-17,11.790000
2025-11-18,12.100000
2025-11-19,11.970000
2025-11-20,12.140000
2025-11-21,13.630000
2025-11-24,13.240000
2025-11-25,12.240000
2025-11-26,11.970000
2025-11-27,11.790000
2025-11-28,11.620000
2025-12-01,11.630000
2025-12-02,11.230000
2025-12-03,11.210000
2025-12-04,10.820000
2025-12-05,10.320000
2025-12-08,11.130000
2025-12-09,10.950000
2025-12-10,10.910000
2025-12-11,10.400000
2025-12-12,10.110000
2025-12-15,10.250000
2025-12-16,10.060000
2025-12-17,9.840000
2025-12-18,9.710000
2025-12-19,9.520000
2025-12-22,9.680000
2025-12-23,9.380000
2025-12-24,9.190000
2025-12-26,9.150000
2025-12-29,9.720000
2025-12-30,9.680000
