Date,NIFTY50
2020-01-01,12182.500000
2020-01-02,12282.200195
2020-01-03,12226.650391
2020-01-06,11993.049805
2020-01-07,12052.950195
2020-01-08,12025.349609
2020-01-09,12215.900391
2020-01-10,12256.799805
2020-01-13,12329.549805
2020-01-14,12362.299805
2020-01-15,12343.299805
2020-01-16,12355.500000
2020-01-17,12352.349609
2020-01-20,12224.549805
2020-01-21,12169.849609
2020-01-22,12106.900391
2020-01-23,12180.349609
2020-01-24,12248.250000
2020-01-27,12119.000000
2020-01-28,12055.799805
2020-01-29,12129.500000
2020-01-30,12035.799805
2020-01-31,11962.099609
2020-02-03,11707.900391
2020-02-04,11979.650391
2020-02-05,12089.150391
2020-02-06,12137.950195
2020-02-07,12098.349609
2020-02-10,12031.500000
2020-02-11,12107.900391
2020-02-12,12201.200195
2020-02-13,12174.650391
2020-02-14,12113.450195
2020-02-17,12045.799805
2020-02-18,11992.500000
2020-02-19,12125.900391
2020-02-20,12080.849609
2020-02-24,11829.400391
2020-02-25,11797.900391
2020-02-26,11678.500000
2020-02-27,11633.299805
2020-02-28,11201.750000
2020-03-02,11132.750000
2020-03-03,11303.299805
2020-03-04,11251.000000
2020-03-05,11269.000000
2020-03-06,10989.450195
2020-03-09,10451.450195
2020-03-11,10458.400391
2020-03-12,9590.150391
2020-03-13,9955.200195
2020-03-16,9197.400391
2020-03-17,8967.049805
2020-03-18,8468.799805
2020-03-19,8263.450195
2020-03-20,8745.450195
2020-03-23,7610.250000
2020-03-24,7801.049805
2020-03-25,8317.849609
2020-03-26,8641.450195
2020-03-27,8660.250000
2020-03-30,8281.099609
2020-03-31,8597.750000
2020-04-01,8253.799805
2020-04-03,8083.799805
2020-04-07,8792.200195
2020-04-08,8748.750000
2020-04-09,9111.900391
2020-04-13,8993.849609
2020-04-15,8925.299805
2020-04-16,8992.799805
2020-04-17,9266.750000
2020-04-20,9261.849609
2020-04-21,8981.450195
2020-04-22,9187.299805
2020-04-23,9313.900391
2020-04-24,9154.400391
2020-04-27,9282.299805
2020-04-28,9380.900391
2020-04-29,9553.349609
2020-04-30,9859.900391
2020-05-04,9293.500000
2020-05-05,9205.599609
2020-05-06,9270.900391
2020-05-07,9199.049805
2020-05-08,9251.500000
2020-05-11,9239.200195
2020-05-12,9196.549805
2020-05-13,9383.549805
2020-05-14,9142.750000
2020-05-15,9136.849609
2020-05-18,8823.250000
2020-05-19,8879.099609
2020-05-20,9066.549805
2020-05-21,9106.250000
2020-05-22,9039.250000
2020-05-26,9029.049805
2020-05-27,9314.950195
2020-05-28,9490.099609
2020-05-29,9580.299805
2020-06-01,9826.150391
2020-06-02,9979.099609
2020-06-03,10061.549805
2020-06-04,10029.099609
2020-06-05,10142.150391
2020-06-08,10167.450195
2020-06-09,10046.650391
2020-06-10,10116.150391
2020-06-11,9902.000000
2020-06-12,9972.900391
2020-06-15,9813.700195
2020-06-16,9914.000000
2020-06-17,9881.150391
2020-06-18,10091.650391
2020-06-19,10244.400391
2020-06-22,10311.200195
2020-06-23,10471.000000
2020-06-24,10305.299805
2020-06-25,10288.900391
2020-06-26,10383.000000
2020-06-29,10312.400391
2020-06-30,10302.099609
2020-07-01,10430.049805
2020-07-02,10551.700195
2020-07-03,10607.349609
2020-07-06,10763.650391
2020-07-07,10799.650391
2020-07-08,10705.750000
2020-07-09,10813.450195
2020-07-10,10768.049805
2020-07-13,10802.700195
2020-07-14,10607.349609
2020-07-15,10618.200195
2020-07-16,10739.950195
2020-07-17,10901.700195
2020-07-20,11022.200195
2020-07-21,11162.250000
2020-07-22,11132.599609
2020-07-23,11215.450195
2020-07-24,11194.150391
2020-07-27,11131.799805
2020-07-28,11300.549805
2020-07-29,11202.849609
2020-07-30,11102.150391
2020-07-31,11073.450195
2020-08-03,10891.599609
2020-08-04,11095.250000
2020-08-05,11101.650391
2020-08-06,11200.150391
2020-08-07,11214.049805
2020-08-10,11270.150391
2020-08-11,11322.500000
2020-08-12,11308.400391
2020-08-13,11300.450195
2020-08-14,11178.400391
2020-08-17,11247.099609
2020-08-18,11385.349609
2020-08-19,11408.400391
2020-08-20,11312.200195
2020-08-21,11371.599609
2020-08-24,11466.450195
2020-08-25,11472.250000
2020-08-26,11549.599609
2020-08-27,11559.250000
2020-08-28,11647.599609
2020-08-31,11387.500000
2020-09-01,11470.250000
2020-09-02,11535.000000
2020-09-03,11527.450195
2020-09-04,11333.849609
2020-09-07,11355.049805
2020-09-08,11317.349609
2020-09-09,11278.000000
2020-09-10,11449.250000
2020-09-11,11464.450195
2020-09-14,11440.049805
2020-09-15,11521.799805
2020-09-16,11604.549805
2020-09-17,11516.099609
2020-09-18,11504.950195
2020-09-21,11250.549805
2020-09-22,11153.650391
2020-09-23,11131.849609
2020-09-24,10805.549805
2020-09-25,11050.250000
2020-09-28,11227.549805
2020-09-29,11222.400391
2020-09-30,11247.549805
2020-10-01,11416.950195
2020-10-05,11503.349609
2020-10-06,11662.400391
2020-10-07,11738.849609
2020-10-08,11834.599609
2020-10-09,11914.200195
2020-10-12,11930.950195
2020-10-13,11934.500000
2020-10-14,11971.049805
2020-10-15,11680.349609
2020-10-16,11762.450195
2020-10-19,11873.049805
2020-10-20,11896.799805
2020-10-21,11937.650391
2020-10-22,11896.450195
2020-10-23,11930.349609
2020-10-26,11767.750000
2020-10-27,11889.400391
2020-10-28,11729.599609
2020-10-29,11670.799805
2020-10-30,11642.400391
2020-11-02,11669.150391
2020-11-03,11813.500000
2020-11-04,11908.500000
2020-11-05,12120.299805
2020-11-06,12263.549805
2020-11-09,12461.049805
2020-11-10,12631.099609
2020-11-11,12749.150391
2020-11-12,12690.799805
2020-11-13,12719.950195
2020-11-17,12874.200195
2020-11-18,12938.250000
2020-11-19,12771.700195
2020-11-20,12859.049805
2020-11-23,12926.450195
2020-11-24,13055.150391
2020-11-25,12858.400391
2020-11-26,12987.000000
2020-11-27,12968.950195
2020-12-01,13109.049805
2020-12-02,13113.750000
2020-12-03,13133.900391
2020-12-04,13258.549805
2020-12-07,13355.750000
2020-12-08,13392.950195
2020-12-09,13529.099609
2020-12-10,13478.299805
2020-12-11,13513.849609
2020-12-14,13558.150391
2020-12-15,13567.849609
2020-12-16,13682.700195
2020-12-17,13740.700195
2020-12-18,13760.549805
2020-12-21,13328.400391
2020-12-22,13466.299805
2020-12-23,13601.099609
2020-12-24,13749.250000
2020-12-28,13873.200195
2020-12-29,13932.599609
2020-12-30,13981.950195
2020-12-31,13981.750000
2021-01-01,14018.500000
2021-01-04,14132.900391
2021-01-05,14199.500000
2021-01-06,14146.250000
2021-01-07,14137.349609
2021-01-08,14347.250000
2021-01-11,14484.750000
2021-01-12,14563.450195
2021-01-13,14564.849609
2021-01-14,14595.599609
2021-01-15,14433.700195
2021-01-18,14281.299805
2021-01-19,14521.150391
2021-01-20,14644.700195
2021-01-21,14590.349609
2021-01-22,14371.900391
2021-01-25,14238.900391
2021-01-27,13967.500000
2021-01-28,13817.549805
2021-01-29,13634.599609
2021-02-01,14281.200195
2021-02-02,14647.849609
2021-02-03,14789.950195
2021-02-04,14895.650391
2021-02-05,14924.250000
2021-02-08,15115.799805
2021-02-09,15109.299805
2021-02-10,15106.500000
2021-02-11,15173.299805
2021-02-12,15163.299805
2021-02-15,15314.700195
2021-02-16,15313.450195
2021-02-17,15208.900391
2021-02-18,15118.950195
2021-02-19,14981.750000
2021-02-22,14675.700195
2021-02-23,14707.799805
2021-02-24,14982.000000
2021-02-25,15097.349609
2021-02-26,14529.150391
2021-03-01,14761.549805
2021-03-02,14919.099609
2021-03-03,15245.599609
2021-03-04,15080.750000
2021-03-05,14938.099609
2021-03-08,14956.200195
2021-03-09,15098.400391
2021-03-10,15174.799805
2021-03-12,15030.950195
2021-03-15,14929.500000
2021-03-16,14910.450195
2021-03-17,14721.299805
2021-03-18,14557.849609
2021-03-19,14744.000000
2021-03-22,14736.400391
2021-03-23,14814.750000
2021-03-24,14549.400391
2021-03-25,14324.900391
2021-03-26,14507.299805
2021-03-30,14845.099609
2021-03-31,14690.700195
2021-04-01,14867.349609
2021-04-05,14637.799805
2021-04-06,14683.500000
2021-04-07,14819.049805
2021-04-08,14873.799805
2021-04-09,14834.849609
2021-04-12,14310.799805
2021-04-13,14504.799805
2021-04-15,14581.450195
2021-04-16,14617.849609
2021-04-19,14359.450195
2021-04-20,14296.400391
2021-04-22,14406.150391
2021-04-23,14341.349609
2021-04-26,14485.000000
2021-04-27,14653.049805
2021-04-28,14864.549805
2021-04-29,14894.900391
2021-04-30,14631.099609
2021-05-03,14634.150391
2021-05-04,14496.500000
2021-05-05,14617.849609
2021-05-06,14724.799805
2021-05-07,14823.150391
2021-05-10,14942.349609
2021-05-11,14850.750000
2021-05-12,14696.500000
2021-05-14,14677.799805
2021-05-17,14923.150391
2021-05-18,15108.099609
2021-05-19,15030.150391
2021-05-20,14906.049805
2021-05-21,15175.299805
2021-05-24,15197.700195
2021-05-25,15208.450195
2021-05-26,15301.450195
2021-05-27,15337.849609
2021-05-28,15435.650391
2021-05-31,15582.799805
2021-06-01,15574.849609
2021-06-02,15576.200195
2021-06-03,15690.349609
2021-06-04,15670.250000
2021-06-07,15751.650391
2021-06-08,15740.099609
2021-06-09,15635.349609
2021-06-10,15737.750000
2021-06-11,15799.349609
2021-06-14,15811.849609
2021-06-15,15869.250000
2021-06-16,15767.549805
2021-06-17,15691.400391
2021-06-18,15683.349609
2021-06-21,15746.500000
2021-06-22,15772.750000
2021-06-23,15686.950195
2021-06-24,15790.450195
2021-06-25,15860.349609
2021-06-28,15814.700195
2021-06-29,15748.450195
2021-06-30,15721.500000
2021-07-01,15680.000000
2021-07-02,15722.200195
2021-07-05,15834.349609
2021-07-06,15818.250000
2021-07-07,15879.650391
2021-07-08,15727.900391
2021-07-09,15689.799805
2021-07-12,15692.599609
2021-07-13,15812.349609
2021-07-14,15853.950195
2021-07-15,15924.200195
2021-07-16,15923.400391
2021-07-19,15752.400391
2021-07-20,15632.099609
2021-07-22,15824.049805
2021-07-23,15856.049805
2021-07-26,15824.450195
2021-07-27,15746.450195
2021-07-28,15709.400391
2021-07-29,15778.450195
2021-07-30,15763.049805
2021-08-02,15885.150391
2021-08-03,16130.750000
2021-08-04,16258.799805
2021-08-05,16294.599609
2021-08-06,16238.200195
2021-08-09,16258.250000
2021-08-10,16280.099609
2021-08-11,16282.250000
2021-08-12,16364.400391
2021-08-13,16529.099609
2021-08-16,16563.050781
2021-08-17,16614.599609
2021-08-18,16568.849609
2021-08-20,16450.500000
2021-08-23,16496.449219
2021-08-24,16624.599609
2021-08-25,16634.650391
2021-08-26,16636.900391
2021-08-27,16705.199219
2021-08-30,16931.050781
2021-08-31,17132.199219
2021-09-01,17076.250000
2021-09-02,17234.150391
2021-09-03,17323.599609
2021-09-06,17377.800781
2021-09-07,17362.099609
2021-09-08,17353.500000
2021-09-09,17369.250000
2021-09-13,17355.300781
2021-09-14,17380.000000
2021-09-15,17519.449219
2021-09-16,17629.500000
2021-09-17,17585.150391
2021-09-20,17396.900391
2021-09-21,17562.000000
2021-09-22,17546.650391
2021-09-23,17822.949219
2021-09-24,17853.199219
2021-09-27,17855.099609
2021-09-28,17748.599609
2021-09-29,17711.300781
2021-09-30,17618.150391
2021-10-01,17532.050781
2021-10-04,17691.250000
2021-10-05,17822.300781
2021-10-06,17646.000000
2021-10-07,17790.349609
2021-10-08,17895.199219
2021-10-11,17945.949219
2021-10-12,17991.949219
2021-10-13,18161.750000
2021-10-14,18338.550781
2021-10-18,18477.050781
2021-10-19,18418.750000
2021-10-20,18266.599609
2021-10-21,18178.099609
2021-10-22,18114.900391
2021-10-25,18125.400391
2021-10-26,18268.400391
2021-10-27,18210.949219
2021-10-28,17857.250000
2021-10-29,17671.650391
2021-11-01,17929.650391
2021-11-02,17888.949219
2021-11-03,17829.199219
2021-11-04,17916.800781
2021-11-08,18068.550781
2021-11-09,18044.250000
2021-11-10,18017.199219
2021-11-11,17873.599609
2021-11-12,18102.750000
2021-11-15,18109.449219
2021-11-16,17999.199219
2021-11-17,17898.650391
2021-11-18,17764.800781
2021-11-22,17416.550781
2021-11-23,17503.349609
2021-11-24,17415.050781
2021-11-25,17536.250000
2021-11-26,17026.449219
2021-11-29,17053.949219
2021-11-30,16983.199219
2021-12-01,17166.900391
2021-12-02,17401.650391
2021-12-03,17196.699219
2021-12-06,16912.250000
2021-12-07,17176.699219
2021-12-08,17469.750000
2021-12-09,17516.849609
2021-12-10,17511.300781
2021-12-13,17368.250000
2021-12-14,17324.900391
2021-12-15,17221.400391
2021-12-16,17248.400391
2021-12-17,16985.199219
2021-12-20,16614.199219
2021-12-21,16770.849609
2021-12-22,16955.449219
2021-12-23,17072.599609
2021-12-24,17003.750000
2021-12-27,17086.250000
2021-12-28,17233.250000
2021-12-29,17213.599609
2021-12-30,17203.949219
2021-12-31,17354.050781
2022-01-03,17625.699219
2022-01-04,17805.250000
2022-01-05,17925.250000
2022-01-06,17745.900391
2022-01-07,17812.699219
2022-01-10,18003.300781
2022-01-11,18055.750000
2022-01-12,18212.349609
2022-01-13,18257.800781
2022-01-14,18255.750000
2022-01-17,18308.099609
2022-01-18,18113.050781
2022-01-19,17938.400391
2022-01-20,17757.000000
2022-01-21,17617.150391
2022-01-24,17149.099609
2022-01-25,17277.949219
2022-01-27,17110.150391
2022-01-28,17101.949219
2022-01-31,17339.849609
2022-02-01,17576.849609
2022-02-02,17780.000000
2022-02-03,17560.199219
2022-02-04,17516.300781
2022-02-07,17213.599609
2022-02-08,17266.750000
2022-02-09,17463.800781
2022-02-10,17605.849609
2022-02-11,17374.750000
2022-02-14,16842.800781
2022-02-15,17352.449219
2022-02-16,17322.199219
2022-02-17,17304.599609
2022-02-18,17276.300781
2022-02-21,17206.650391
2022-02-22,17092.199219
2022-02-23,17063.250000
2022-02-24,16247.950195
2022-02-25,16658.400391
2022-02-28,16793.900391
2022-03-02,16605.949219
2022-03-03,16498.050781
2022-03-04,16245.349609
2022-03-07,15863.150391
2022-03-08,16013.450195
2022-03-09,16345.349609
2022-03-10,16594.900391
2022-03-11,16630.449219
2022-03-14,16871.300781
2022-03-15,16663.000000
2022-03-16,16975.349609
2022-03-17,17287.050781
2022-03-21,17117.599609
2022-03-22,17315.500000
2022-03-23,17245.650391
2022-03-24,17222.750000
2022-03-25,17153.000000
2022-03-28,17222.000000
2022-03-29,17325.300781
2022-03-30,17498.250000
2022-03-31,17464.750000
2022-04-01,17670.449219
2022-04-04,18053.400391
2022-04-05,17957.400391
2022-04-06,17807.650391
2022-04-07,17639.550781
2022-04-08,17784.349609
2022-04-11,17674.949219
2022-04-12,17530.300781
2022-04-13,17475.650391
2022-04-18,17173.650391
2022-04-19,16958.650391
2022-04-20,17136.550781
2022-04-21,17392.599609
2022-04-22,17171.949219
2022-04-25,16953.949219
2022-04-26,17200.800781
2022-04-27,17038.400391
2022-04-28,17245.050781
2022-04-29,17102.550781
2022-05-02,17069.099609
2022-05-04,16677.599609
2022-05-05,16682.650391
2022-05-06,16411.250000
2022-05-09,16301.849609
2022-05-10,16240.049805
2022-05-11,16167.099609
2022-05-12,15808.000000
2022-05-13,15782.150391
2022-05-16,15842.299805
2022-05-17,16259.299805
2022-05-18,16240.299805
2022-05-19,15809.400391
2022-05-20,16266.150391
2022-05-23,16214.700195
2022-05-24,16125.150391
2022-05-25,16025.799805
2022-05-26,16170.150391
2022-05-27,16352.450195
2022-05-30,16661.400391
2022-05-31,16584.550781
2022-06-01,16522.750000
2022-06-02,16628.000000
2022-06-03,16584.300781
2022-06-06,16569.550781
2022-06-07,16416.349609
2022-06-08,16356.250000
2022-06-09,16478.099609
2022-06-10,16201.799805
2022-06-13,15774.400391
2022-06-14,15732.099609
2022-06-15,15692.150391
2022-06-16,15360.599609
2022-06-17,15293.500000
2022-06-20,15350.150391
2022-06-21,15638.799805
2022-06-22,15413.299805
2022-06-23,15556.650391
2022-06-24,15699.250000
2022-06-27,15832.049805
2022-06-28,15850.200195
2022-06-29,15799.099609
2022-06-30,15780.250000
2022-07-01,15752.049805
2022-07-04,15835.349609
2022-07-05,15810.849609
2022-07-06,15989.799805
2022-07-07,16132.900391
2022-07-08,16220.599609
2022-07-11,16216.000000
2022-07-12,16058.299805
2022-07-13,15966.650391
2022-07-14,15938.650391
2022-07-15,16049.200195
2022-07-18,16278.500000
2022-07-19,16340.549805
2022-07-20,16520.849609
2022-07-21,16605.250000
2022-07-22,16719.449219
2022-07-25,16631.000000
2022-07-26,16483.849609
2022-07-27,16641.800781
2022-07-28,16929.599609
2022-07-29,17158.250000
2022-08-01,17340.050781
2022-08-02,17345.449219
2022-08-03,17388.150391
2022-08-04,17382.000000
2022-08-05,17397.500000
2022-08-08,17525.099609
2022-08-10,17534.750000
2022-08-11,17659.000000
2022-08-12,17698.150391
2022-08-16,17825.250000
2022-08-17,17944.250000
2022-08-18,17956.500000
2022-08-19,17758.449219
2022-08-22,17490.699219
2022-08-23,17577.500000
2022-08-24,17604.949219
2022-08-25,17522.449219
2022-08-26,17558.900391
2022-08-29,17312.900391
2022-08-30,17759.300781
2022-09-01,17542.800781
2022-09-02,17539.449219
2022-09-05,17665.800781
2022-09-06,17655.599609
2022-09-07,17624.400391
2022-09-08,17798.750000
2022-09-09,17833.349609
2022-09-12,17936.349609
2022-09-13,18070.050781
2022-09-14,18003.750000
2022-09-15,17877.400391
2022-09-16,17530.849609
2022-09-19,17622.250000
2022-09-20,17816.250000
2022-09-21,17718.349609
2022-09-22,17629.800781
2022-09-23,17327.349609
2022-09-26,17016.300781
2022-09-27,17007.400391
2022-09-28,16858.599609
2022-09-29,16818.099609
2022-09-30,17094.349609
2022-10-03,16887.349609
2022-10-04,17274.300781
2022-10-06,17331.800781
2022-10-07,17314.650391
2022-10-10,17241.000000
2022-10-11,16983.550781
2022-10-12,17123.599609
2022-10-13,17014.349609
2022-10-14,17185.699219
2022-10-17,17311.800781
2022-10-18,17486.949219
2022-10-19,17512.250000
2022-10-20,17563.949219
2022-10-21,17576.300781
2022-10-24,17730.750000
2022-10-25,17656.349609
2022-10-27,17736.949219
2022-10-28,17786.800781
2022-10-31,18012.199219
2022-11-01,18145.400391
2022-11-02,18082.849609
2022-11-03,18052.699219
2022-11-04,18117.150391
2022-11-07,18202.800781
2022-11-09,18157.000000
2022-11-10,18028.199219
2022-11-11,18349.699219
2022-11-14,18329.150391
2022-11-15,18403.400391
2022-11-16,18409.650391
2022-11-17,18343.900391
2022-11-18,18307.650391
2022-11-21,18159.949219
2022-11-22,18244.199219
2022-11-23,18267.250000
2022-11-24,18484.099609
2022-11-25,18512.750000
2022-11-28,18562.750000
2022-11-29,18618.050781
2022-11-30,18758.349609
2022-12-01,18812.500000
2022-12-02,18696.099609
2022-12-05,18701.050781
2022-12-06,18642.750000
2022-12-07,18560.500000
2022-12-08,18609.349609
2022-12-09,18496.599609
2022-12-12,18497.150391
2022-12-13,18608.000000
2022-12-14,18660.300781
2022-12-15,18414.900391
2022-12-16,18269.000000
2022-12-19,18420.449219
2022-12-20,18385.300781
2022-12-21,18199.099609
2022-12-22,18127.349609
2022-12-23,17806.800781
2022-12-26,18014.599609
2022-12-27,18132.300781
2022-12-28,18122.500000
2022-12-29,18191.000000
2022-12-30,18105.300781
2023-01-02,18197.449219
2023-01-03,18232.550781
2023-01-04,18042.949219
2023-01-05,17992.150391
2023-01-06,17859.449219
2023-01-09,18101.199219
2023-01-10,17914.150391
2023-01-11,17895.699219
2023-01-12,17858.199219
2023-01-13,17956.599609
2023-01-16,17894.849609
2023-01-17,18053.300781
2023-01-18,18165.349609
2023-01-19,18107.849609
2023-01-20,18027.650391
2023-01-23,18118.550781
2023-01-24,18118.300781
2023-01-25,17891.949219
2023-01-27,17604.349609
2023-01-30,17648.949219
2023-01-31,17662.150391
2023-02-01,17616.300781
2023-02-02,17610.400391
2023-02-03,17854.050781
2023-02-06,17764.599609
2023-02-07,17721.500000
2023-02-08,17871.699219
2023-02-09,17893.449219
2023-02-10,17856.500000
2023-02-13,17770.900391
2023-02-14,17929.849609
2023-02-15,18015.849609
2023-02-16,18035.849609
2023-02-17,17944.199219
2023-02-20,17844.599609
2023-02-21,17826.699219
2023-02-22,17554.300781
2023-02-23,17511.250000
2023-02-24,17465.800781
2023-02-27,17392.699219
2023-02-28,17303.949219
2023-03-01,17450.900391
2023-03-02,17321.900391
2023-03-03,17594.349609
2023-03-06,17711.449219
2023-03-08,17754.400391
2023-03-09,17589.599609
2023-03-10,17412.900391
2023-03-13,17154.300781
2023-03-14,17043.300781
2023-03-15,16972.150391
2023-03-16,16985.599609
2023-03-17,17100.050781
2023-03-20,16988.400391
2023-03-21,17107.500000
2023-03-22,17151.900391
2023-03-23,17076.900391
2023-03-24,16945.050781
2023-03-27,16985.699219
2023-03-28,16951.699219
2023-03-29,17080.699219
2023-03-31,17359.750000
2023-04-03,17398.050781
2023-04-05,17557.050781
2023-04-06,17599.150391
2023-04-10,17624.050781
2023-04-11,17722.300781
2023-04-12,17812.400391
2023-04-13,17828.000000
2023-04-17,17706.849609
2023-04-18,17660.150391
2023-04-19,17618.750000
2023-04-20,17624.449219
2023-04-21,17624.050781
2023-04-24,17743.400391
2023-04-25,17769.250000
2023-04-26,17813.599609
2023-04-27,17915.050781
2023-04-28,18065.000000
2023-05-02,18147.650391
2023-05-03,18089.849609
2023-05-04,18255.800781
2023-05-05,18069.000000
2023-05-08,18264.400391
2023-05-09,18265.949219
2023-05-10,18315.099609
2023-05-11,18297.000000
2023-05-12,18314.800781
2023-05-15,18398.849609
2023-05-16,18286.500000
2023-05-17,18181.750000
2023-05-18,18129.949219
2023-05-19,18203.400391
2023-05-22,18314.400391
2023-05-23,18348.000000
2023-05-24,18285.400391
2023-05-25,18321.150391
2023-05-26,18499.349609
2023-05-29,18598.650391
2023-05-30,18633.849609
2023-05-31,18534.400391
2023-06-01,18487.750000
2023-06-02,18534.099609
2023-06-05,18593.849609
2023-06-06,18599.000000
2023-06-07,18726.400391
2023-06-08,18634.550781
2023-06-09,18563.400391
2023-06-12,18601.500000
2023-06-13,18716.150391
2023-06-14,18755.900391
2023-06-15,18688.099609
2023-06-16,18826.000000
2023-06-19,18755.449219
2023-06-20,18816.699219
2023-06-21,18856.849609
2023-06-22,18771.250000
2023-06-23,18665.500000
2023-06-26,18691.199219
2023-06-27,18817.400391
2023-06-28,18972.099609
2023-06-30,19189.050781
2023-07-03,19322.550781
2023-07-04,19389.000000
2023-07-05,19398.500000
2023-07-06,19497.300781
2023-07-07,19331.800781
2023-07-10,19355.900391
2023-07-11,19439.400391
2023-07-12,19384.300781
2023-07-13,19413.750000
2023-07-14,19564.500000
2023-07-17,19711.449219
2023-07-18,19749.250000
2023-07-19,19833.150391
2023-07-20,19979.150391
2023-07-21,19745.000000
2023-07-24,19672.349609
2023-07-25,19680.599609
2023-07-26,19778.300781
2023-07-27,19659.900391
2023-07-28,19646.050781
2023-07-31,19753.800781
2023-08-01,19733.550781
2023-08-02,19526.550781
2023-08-03,19381.650391
2023-08-04,19517.000000
2023-08-07,19597.300781
2023-08-08,19570.849609
2023-08-09,19632.550781
2023-08-10,19543.099609
2023-08-11,19428.300781
2023-08-14,19434.550781
2023-08-16,19465.000000
2023-08-17,19365.250000
2023-08-18,19310.150391
2023-08-21,19393.599609
2023-08-22,19396.449219
2023-08-23,19444.000000
2023-08-24,19386.699219
2023-08-25,19265.800781
2023-08-28,19306.050781
2023-08-29,19342.650391
2023-08-30,19347.449219
2023-08-31,19253.800781
2023-09-01,19435.300781
2023-09-04,19528.800781
2023-09-05,19574.900391
2023-09-06,19611.050781
2023-09-07,19727.050781
2023-09-08,19819.949219
2023-09-11,19996.349609
2023-09-12,19993.199219
2023-09-13,20070.000000
2023-09-14,20103.099609
2023-09-15,20192.349609
2023-09-18,20133.300781
2023-09-20,19901.400391
2023-09-21,19742.349609
2023-09-22,19674.250000
2023-09-25,19674.550781
2023-09-26,19664.699219
2023-09-27,19716.449219
2023-09-28,19523.550781
2023-09-29,19638.300781
2023-10-03,19528.750000
2023-10-04,19436.099609
2023-10-05,19545.750000
2023-10-06,19653.500000
2023-10-09,19512.349609
2023-10-10,19689.849609
2023-10-11,19811.349609
2023-10-12,19794.000000
2023-10-13,19751.050781
2023-10-16,19731.750000
2023-10-17,19811.500000
2023-10-18,19671.099609
2023-10-19,19624.699219
2023-10-20,19542.650391
2023-10-23,19281.750000
2023-10-25,19122.150391
2023-10-26,18857.250000
2023-10-27,19047.250000
2023-10-30,19140.900391
2023-10-31,19079.599609
2023-11-01,18989.150391
2023-11-02,19133.250000
2023-11-03,19230.599609
2023-11-06,19411.750000
2023-11-07,19406.699219
2023-11-08,19443.500000
2023-11-09,19395.300781
2023-11-10,19425.349609
2023-11-13,19443.550781
2023-11-15,19675.449219
2023-11-16,19765.199219
2023-11-17,19731.800781
2023-11-20,19694.000000
2023-11-21,19783.400391
2023-11-22,19811.849609
2023-11-23,19802.000000
2023-11-24,19794.699219
2023-11-28,19889.699219
2023-11-29,20096.599609
2023-11-30,20133.150391
2023-12-01,20267.900391
2023-12-04,20686.800781
2023-12-05,20855.099609
2023-12-06,20937.699219
2023-12-07,20901.150391
2023-12-08,20969.400391
2023-12-11,20997.099609
2023-12-12,20906.400391
2023-12-13,20926.349609
2023-12-14,21182.699219
2023-12-15,21456.650391
2023-12-18,21418.650391
2023-12-19,21453.099609
2023-12-20,21150.150391
2023-12-21,21255.050781
2023-12-22,21349.400391
2023-12-26,21441.349609
2023-12-27,21654.750000
2023-12-28,21778.699219
2023-12-29,21731.400391
2024-01-01,21741.900391
2024-01-02,21665.800781
2024-01-03,21517.349609
2024-01-04,21658.599609
2024-01-05,21710.800781
2024-01-08,21513.000000
2024-01-09,21544.849609
2024-01-10,21618.699219
2024-01-11,21647.199219
2024-01-12,21894.550781
2024-01-15,22097.449219
2024-01-16,22032.300781
2024-01-17,21571.949219
2024-01-18,21462.250000
2024-01-19,21622.400391
2024-01-23,21238.800781
2024-01-24,21453.949219
2024-01-25,21352.599609
2024-01-29,21737.599609
2024-01-30,21522.099609
2024-01-31,21725.699219
2024-02-01,21697.449219
2024-02-02,21853.800781
2024-02-05,21771.699219
2024-02-06,21929.400391
2024-02-07,21930.500000
2024-02-08,21717.949219
2024-02-09,21782.500000
2024-02-12,21616.050781
2024-02-13,21743.250000
2024-02-14,21840.050781
2024-02-15,21910.750000
2024-02-16,22040.699219
2024-02-19,22122.250000
2024-02-20,22196.949219
2024-02-21,22055.050781
2024-02-22,22217.449219
2024-02-23,22212.699219
2024-02-26,22122.050781
2024-02-27,22198.349609
2024-02-28,21951.150391
2024-02-29,21982.800781
2024-03-01,22338.750000
2024-03-04,22405.599609
2024-03-05,22356.300781
2024-03-06,22474.050781
2024-03-07,22493.550781
2024-03-11,22332.650391
2024-03-12,22335.699219
2024-03-13,21997.699219
2024-03-14,22146.650391
2024-03-15,22023.349609
2024-03-18,22055.699219
2024-03-19,21817.449219
2024-03-20,21839.099609
2024-03-21,22011.949219
2024-03-22,22096.750000
2024-03-26,22004.699219
2024-03-27,22123.650391
2024-03-28,22326.900391
2024-04-01,22462.000000
2024-04-02,22453.300781
2024-04-03,22434.650391
2024-04-04,22514.650391
2024-04-05,22513.699219
2024-04-08,22666.300781
2024-04-09,22642.750000
2024-04-10,22753.800781
2024-04-12,22519.400391
2024-04-15,22272.500000
2024-04-16,22147.900391
2024-04-18,21995.849609
2024-04-19,22147.000000
2024-04-22,22336.400391
2024-04-23,22368.000000
2024-04-24,22402.400391
2024-04-25,22570.349609
2024-04-26,22419.949219
2024-04-29,22643.400391
2024-04-30,22604.849609
2024-05-02,22648.199219
2024-05-03,22475.849609
2024-05-06,22442.699219
2024-05-07,22302.500000
2024-05-08,22302.500000
2024-05-09,21957.500000
2024-05-10,22055.199219
2024-05-13,22104.050781
2024-05-14,22217.849609
2024-05-15,22200.550781
2024-05-16,22403.849609
2024-05-17,22466.099609
2024-05-21,22529.050781
2024-05-22,22597.800781
2024-05-23,22967.650391
2024-05-24,22957.099609
2024-05-27,22932.449219
2024-05-28,22888.150391
2024-05-29,22704.699219
2024-05-30,22488.650391
2024-05-31,22530.699219
2024-06-03,23263.900391
2024-06-04,21884.500000
2024-06-05,22620.349609
2024-06-06,22821.400391
2024-06-07,23290.150391
2024-06-10,23259.199219
2024-06-11,23264.849609
2024-06-12,23322.949219
2024-06-13,23398.900391
2024-06-14,23465.599609
2024-06-18,23557.900391
2024-06-19,23516.000000
2024-06-20,23567.000000
2024-06-21,23501.099609
2024-06-24,23537.849609
2024-06-25,23721.300781
2024-06-26,23868.800781
2024-06-27,24044.500000
2024-06-28,24010.599609
2024-07-01,24141.949219
2024-07-02,24123.849609
2024-07-03,24286.500000
2024-07-04,24302.150391
2024-07-05,24323.849609
2024-07-08,24320.550781
2024-07-09,24433.199219
2024-07-10,24324.449219
2024-07-11,24315.949219
2024-07-12,24502.150391
2024-07-15,24586.699219
2024-07-16,24613.000000
2024-07-18,24800.849609
2024-07-19,24530.900391
2024-07-22,24509.250000
2024-07-23,24479.050781
2024-07-24,24413.500000
2024-07-25,24406.099609
2024-07-26,24834.849609
2024-07-29,24836.099609
2024-07-30,24857.300781
2024-07-31,24951.150391
2024-08-01,25010.900391
2024-08-02,24717.699219
2024-08-05,24055.599609
2024-08-06,23992.550781
2024-08-07,24297.500000
2024-08-08,24117.000000
2024-08-09,24367.500000
2024-08-12,24347.000000
2024-08-13,24139.000000
2024-08-14,24143.750000
2024-08-16,24541.150391
2024-08-19,24572.650391
2024-08-20,24698.849609
2024-08-21,24770.199219
2024-08-22,24811.500000
2024-08-23,24823.150391
2024-08-26,25010.599609
2024-08-27,25017.750000
2024-08-28,25052.349609
2024-08-29,25151.949219
2024-08-30,25235.900391
2024-09-02,25278.699219
2024-09-03,25279.849609
2024-09-04,25198.699219
2024-09-05,25145.099609
2024-09-06,24852.150391
2024-09-09,24936.400391
2024-09-10,25041.099609
2024-09-11,24918.449219
2024-09-12,25388.900391
2024-09-13,25356.500000
2024-09-16,25383.750000
2024-09-17,25418.550781
2024-09-18,25377.550781
2024-09-19,25415.800781
2024-09-20,25790.949219
2024-09-23,25939.050781
2024-09-24,25940.400391
2024-09-25,26004.150391
2024-09-26,26216.050781
2024-09-27,26178.949219
2024-09-30,25810.849609
2024-10-01,25796.900391
2024-10-03,25250.099609
2024-10-04,25014.599609
2024-10-07,24795.750000
2024-10-08,25013.150391
2024-10-09,24981.949219
2024-10-10,24998.449219
2024-10-11,24964.250000
2024-10-14,25127.949219
2024-10-15,25057.349609
2024-10-16,24971.300781
2024-10-17,24749.849609
2024-10-18,24854.050781
2024-10-21,24781.099609
2024-10-22,24472.099609
2024-10-23,24435.500000
2024-10-24,24399.400391
2024-10-25,24180.800781
2024-10-28,24339.150391
2024-10-29,24466.849609
2024-10-30,24340.849609
2024-10-31,24205.349609
2024-11-01,24304.349609
2024-11-04,23995.349609
2024-11-05,24213.300781
2024-11-06,24484.050781
2024-11-07,24199.349609
2024-11-08,24148.199219
2024-11-11,24141.300781
2024-11-12,23883.449219
2024-11-13,23559.050781
2024-11-14,23532.699219
2024-11-18,23453.800781
2024-11-19,23518.500000
2024-11-21,23349.900391
2024-11-22,23907.250000
2024-11-25,24221.900391
2024-11-26,24194.500000
2024-11-27,24274.900391
2024-11-28,23914.150391
2024-11-29,24131.099609
2024-12-02,24276.050781
2024-12-03,24457.150391
2024-12-04,24467.449219
2024-12-05,24708.400391
2024-12-06,24677.800781
2024-12-09,24619.000000
2024-12-10,24610.050781
2024-12-11,24641.800781
2024-12-12,24548.699219
2024-12-13,24768.300781
2024-12-16,24668.250000
2024-12-17,24336.000000
2024-12-18,24198.849609
2024-12-19,23951.699219
2024-12-20,23587.500000
2024-12-23,23753.449219
2024-12-24,23727.650391
2024-12-26,23750.199219
2024-12-27,23813.400391
2024-12-30,23644.900391
2024-12-31,23644.800781
2025-01-01,23742.900391
2025-01-02,24188.650391
2025-01-03,24004.750000
2025-01-06,23616.050781
2025-01-07,23707.900391
2025-01-08,23688.949219
2025-01-09,23526.500000
2025-01-10,23431.500000
2025-01-13,23085.949219
2025-01-14,23176.050781
2025-01-15,23213.199219
2025-01-16,23311.800781
2025-01-17,23203.199219
2025-01-20,23344.750000
2025-01-21,23024.650391
2025-01-22,23155.349609
2025-01-23,23205.349609
2025-01-24,23092.199219
2025-01-27,22829.150391
2025-01-28,22957.250000
2025-01-29,23163.099609
2025-01-30,23249.500000
2025-01-31,23508.400391
2025-02-01,23482.150391
2025-02-03,23361.050781
2025-02-04,23739.250000
2025-02-05,23696.300781
2025-02-06,23603.349609
2025-02-07,23559.949219
2025-02-10,23381.599609
2025-02-11,23071.800781
2025-02-12,23045.250000
2025-02-13,23031.400391
2025-02-14,22929.250000
2025-02-17,22959.500000
2025-02-18,22945.300781
2025-02-19,22932.900391
2025-02-20,22913.150391
2025-02-21,22795.900391
2025-02-24,22553.349609
2025-02-25,22547.550781
2025-02-27,22545.050781
2025-02-28,22124.699219
2025-03-03,22119.300781
2025-03-04,22082.650391
2025-03-05,22337.300781
2025-03-06,22544.699219
2025-03-07,22552.500000
2025-03-10,22460.300781
2025-03-11,22497.900391
2025-03-12,22470.500000
2025-03-13,22397.199219
2025-03-17,22508.750000
2025-03-18,22834.300781
2025-03-19,22907.599609
2025-03-20,23190.650391
2025-03-21,23350.400391
2025-03-24,23658.349609
2025-03-25,23668.650391
2025-03-26,23486.849609
2025-03-27,23591.949219
2025-03-28,23519.349609
2025-04-01,23165.699219
2025-04-02,23332.349609
2025-04-03,23250.099609
2025-04-04,22904.449219
2025-04-07,22161.599609
2025-04-08,22535.849609
2025-04-09,22399.150391
2025-04-11,22828.550781
2025-04-15,23328.550781
2025-04-16,23437.199219
2025-04-17,23851.650391
2025-04-21,24125.550781
2025-04-22,24167.250000
2025-04-23,24328.949219
2025-04-24,24246.699219
2025-04-25,24039.349609
2025-04-28,24328.500000
2025-04-29,24335.949219
2025-04-30,24334.199219
2025-05-02,24346.699219
2025-05-05,24461.150391
2025-05-06,24379.599609
2025-05-07,24414.400391
2025-05-08,24273.800781
2025-05-09,24008.000000
2025-05-12,24924.699219
2025-05-13,24578.349609
2025-05-14,24666.900391
2025-05-15,25062.099609
2025-05-16,25019.800781
2025-05-19,24945.449219
2025-05-20,24683.900391
2025-05-21,24813.449219
2025-05-22,24609.699219
2025-05-23,24853.150391
2025-05-26,25001.150391
2025-05-27,24826.199219
2025-05-28,24752.449219
2025-05-29,24833.599609
2025-05-30,24750.699219
2025-06-02,24716.599609
2025-06-03,24542.500000
2025-06-04,24620.199219
2025-06-05,24750.900391
2025-06-06,25003.050781
2025-06-09,25103.199219
2025-06-10,25104.250000
2025-06-11,25141.400391
2025-06-12,24888.199219
2025-06-13,24718.599609
2025-06-16,24946.500000
2025-06-17,24853.400391
2025-06-18,24812.050781
2025-06-19,24793.250000
2025-06-20,25112.400391
2025-06-23,24971.900391
2025-06-24,25044.349609
2025-06-25,25244.750000
2025-06-26,25549.000000
2025-06-27,25637.800781
2025-06-30,25517.050781
2025-07-01,25541.800781
2025-07-02,25453.400391
2025-07-03,25405.300781
2025-07-04,25461.000000
2025-07-07,25461.300781
2025-07-08,25522.500000
2025-07-09,25476.099609
2025-07-10,25355.250000
2025-07-11,25149.849609
2025-07-14,25082.300781
2025-07-15,25195.800781
2025-07-16,25212.050781
2025-07-17,25111.449219
2025-07-18,24968.400391
2025-07-21,25090.699219
2025-07-22,25060.900391
2025-07-23,25219.900391
2025-07-24,25062.099609
2025-07-25,24837.000000
2025-07-28,24680.900391
2025-07-29,24821.099609
2025-07-30,24855.050781
2025-07-31,24768.349609
2025-08-01,24565.349609
2025-08-04,24722.750000
2025-08-05,24649.550781
2025-08-06,24574.199219
2025-08-07,24596.150391
2025-08-08,24363.300781
2025-08-11,24585.050781
2025-08-12,24487.400391
2025-08-13,24619.349609
2025-08-14,24631.300781
2025-08-18,24876.949219
2025-08-19,24980.650391
2025-08-20,25050.550781
2025-08-21,25083.750000
2025-08-22,24870.099609
2025-08-25,24967.750000
2025-08-26,24712.050781
2025-08-28,24500.900391
2025-08-29,24426.849609
2025-09-01,24625.050781
2025-09-02,24579.599609
2025-09-03,24715.050781
2025-09-04,24734.300781
2025-09-05,24741.000000
2025-09-08,24773.150391
2025-09-09,24868.599609
2025-09-10,24973.099609
2025-09-11,25005.500000
2025-09-12,25114.000000
2025-09-15,25069.199219
2025-09-16,25239.099609
2025-09-17,25330.250000
2025-09-18,25423.599609
2025-09-19,25327.050781
2025-09-22,25202.349609
2025-09-23,25169.500000
2025-09-24,25056.900391
2025-09-25,24890.849609
2025-09-26,24654.699219
2025-09-29,24634.900391
2025-09-30,24611.099609
2025-10-01,24836.300781
2025-10-03,24894.250000
2025-10-06,25077.650391
2025-10-07,25108.300781
2025-10-08,25046.150391
2025-10-09,25181.800781
2025-10-10,25285.349609
2025-10-13,25227.349609
2025-10-14,25145.500000
2025-10-15,25323.550781
2025-10-16,25585.300781
2025-10-17,25709.849609
2025-10-20,25843.150391
2025-10-21,25868.599609
2025-10-23,25891.400391
2025-10-24,25795.150391
2025-10-27,25966.050781
2025-10-28,25936.199219
2025-10-29,26053.900391
2025-10-30,25877.849609
2025-10-31,25722.099609
2025-11-03,25763.349609
2025-11-04,25597.650391
2025-11-06,25509.699219
2025-11-07,25492.300781
2025-11-10,25574.349609
2025-11-11,25694.949219
2025-11-12,25875.800781
2025-11-13,25879.150391
2025-11-14,25910.050781
2025-11-17,26013.449219
2025-11-18,25910.050781
2025-11-19,26052.650391
2025-11-20,26192.150391
2025-11-21,26068.150391
2025-11-24,25959.500000
2025-11-25,25884.800781
2025-11-26,26205.300781
2025-11-27,26215.550781
2025-11-28,26202.949219
2025-12-01,26175.750000
2025-12-02,26032.199219
2025-12-03,25986.000000
2025-12-04,26033.750000
2025-12-05,26186.449219
2025-12-08,25960.550781
2025-12-09,25839.650391
2025-12-10,25758.000000
2025-12-11,25898.550781
2025-12-12,26046.949219
2025-12-15,26027.300781
2025-12-16,25860.099609
2025-12-17,25818.550781
2025-12-18,25815.550781
2025-12-19,25966.400391
2025-12-22,26172.400391
2025-12-23,26177.150391
2025-12-24,26142.099609
2025-12-26,26042.300781
2025-12-29,25942.099609
2025-12-30,25938.849609
