Date,USDINR
2020-01-01,71.275803
2020-01-02,71.025002
2020-01-03,71.415001
2020-01-06,71.731003
2020-01-07,71.787003
2020-01-08,72.160004
2020-01-09,71.411903
2020-01-10,71.194298
2020-01-13,70.953003
2020-01-14,70.718903
2020-01-15,70.845100
2020-01-16,70.718002
2020-01-17,70.945602
2020-01-20,71.034698
2020-01-21,71.030998
2020-01-22,71.169998
2020-01-23,71.078102
2020-01-24,71.320999
2020-01-27,71.324997
2020-01-28,71.440002
2020-01-29,71.230400
2020-01-30,71.300003
2020-01-31,71.639999
2020-02-03,71.496498
2020-02-04,71.314102
2020-02-05,71.099998
2020-02-06,71.180000
2020-02-07,71.470001
2020-02-10,71.515503
2020-02-11,71.279999
2020-02-12,71.275299
2020-02-13,71.296204
2020-02-14,71.268501
2020-02-17,71.514801
2020-02-18,71.349197
2020-02-19,71.574997
2020-02-20,71.827499
2020-02-21,72.110001
2020-02-24,71.886803
2020-02-25,72.046700
2020-02-26,71.870003
2020-02-27,71.663399
2020-02-28,71.930000
2020-03-02,72.150002
2020-03-03,72.824997
2020-03-04,73.342003
2020-03-05,74.042503
2020-03-06,73.855103
2020-03-09,73.995300
2020-03-10,74.405998
2020-03-11,74.205002
2020-03-12,74.760002
2020-03-13,75.300003
2020-03-16,73.903999
2020-03-17,75.154999
2020-03-18,74.012398
2020-03-19,74.982002
2020-03-20,75.159698
2020-03-23,75.622101
2020-03-24,76.505997
2020-03-25,77.260002
2020-03-26,75.845497
2020-03-27,74.725601
2020-03-30,75.464996
2020-03-31,75.400002
2020-04-01,75.324997
2020-04-02,77.570000
2020-04-03,77.139999
2020-04-06,76.230003
2020-04-07,75.964897
2020-04-08,76.660004
2020-04-09,75.959000
2020-04-10,76.650002
2020-04-13,76.166496
2020-04-14,76.910004
2020-04-15,75.931000
2020-04-16,77.212502
2020-04-17,77.570000
2020-04-20,76.559998
2020-04-21,77.209999
2020-04-22,76.969398
2020-04-23,76.400002
2020-04-24,76.422501
2020-04-27,76.271500
2020-04-28,76.186302
2020-04-29,76.464996
2020-04-30,75.258499
2020-05-01,75.720001
2020-05-04,75.600502
2020-05-05,75.849998
2020-05-06,76.169998
2020-05-07,76.151299
2020-05-08,76.080002
2020-05-11,75.525002
2020-05-12,76.309998
2020-05-13,75.680000
2020-05-14,75.426201
2020-05-15,75.485001
2020-05-18,75.820000
2020-05-19,75.600098
2020-05-20,76.000000
2020-05-21,75.779999
2020-05-22,75.625000
2020-05-25,75.985001
2020-05-26,76.110001
2020-05-27,75.820000
2020-05-28,76.129997
2020-05-29,75.959999
2020-06-01,75.513199
2020-06-02,75.730003
2020-06-03,75.065804
2020-06-04,75.544998
2020-06-05,75.490898
2020-06-08,75.517700
2020-06-09,75.625000
2020-06-10,75.509804
2020-06-11,75.875000
2020-06-12,76.389999
2020-06-15,75.956802
2020-06-16,75.977997
2020-06-17,76.654999
2020-06-18,76.550003
2020-06-19,76.400398
2020-06-22,76.252098
2020-06-23,75.789803
2020-06-24,75.607803
2020-06-25,75.970001
2020-06-26,75.539803
2020-06-29,75.619797
2020-06-30,75.699997
2020-07-01,75.750000
2020-07-02,75.454903
2020-07-03,74.721001
2020-07-06,74.679298
2020-07-07,74.607597
2020-07-08,75.125000
2020-07-09,74.939903
2020-07-10,75.339996
2020-07-13,75.158501
2020-07-14,75.449997
2020-07-15,75.574997
2020-07-16,75.124901
2020-07-17,75.174500
2020-07-20,74.897301
2020-07-21,74.989998
2020-07-22,74.769997
2020-07-23,74.820000
2020-07-24,74.807297
2020-07-27,74.759804
2020-07-28,75.000000
2020-07-29,75.089996
2020-07-30,74.831200
2020-07-31,74.989998
2020-08-03,74.917801
2020-08-04,75.330002
2020-08-05,75.250000
2020-08-06,74.882202
2020-08-07,74.899803
2020-08-10,75.024803
2020-08-11,75.099998
2020-08-12,74.900002
2020-08-13,74.772102
2020-08-14,75.029999
2020-08-17,74.902802
2020-08-18,75.000000
2020-08-19,74.794998
2020-08-20,74.966797
2020-08-21,74.999901
2020-08-24,74.921799
2020-08-25,74.400002
2020-08-26,74.452499
2020-08-27,74.240097
2020-08-28,73.774498
2020-08-31,73.128304
2020-09-01,73.669998
2020-09-02,73.269997
2020-09-03,73.248497
2020-09-04,73.447899
2020-09-07,73.290298
2020-09-08,73.650002
2020-09-09,73.786797
2020-09-10,73.550003
2020-09-11,73.527298
2020-09-14,73.478600
2020-09-15,73.614998
2020-09-16,73.800003
2020-09-17,73.550697
2020-09-18,73.583603
2020-09-21,73.534798
2020-09-22,73.579803
2020-09-23,73.502998
2020-09-24,73.778397
2020-09-25,73.682404
2020-09-28,73.699303
2020-09-29,73.974998
2020-09-30,73.845001
2020-10-01,73.705002
2020-10-02,73.217003
2020-10-05,73.322403
2020-10-06,73.108299
2020-10-07,73.815002
2020-10-08,73.542503
2020-10-09,73.280502
2020-10-12,73.014801
2020-10-13,73.350800
2020-10-14,73.620003
2020-10-15,73.296204
2020-10-16,73.371002
2020-10-19,73.443802
2020-10-20,73.574997
2020-10-21,73.647499
2020-10-22,73.681297
2020-10-23,73.720001
2020-10-26,73.822899
2020-10-27,73.948502
2020-10-28,73.805000
2020-10-29,74.440002
2020-10-30,74.264000
2020-11-02,74.550499
2020-11-03,74.456802
2020-11-04,74.655602
2020-11-05,74.379997
2020-11-06,74.120003
2020-11-09,73.979797
2020-11-10,73.953201
2020-11-11,74.281601
2020-11-12,74.570000
2020-11-13,74.864998
2020-11-16,74.487701
2020-11-17,74.418098
2020-11-18,74.479698
2020-11-19,74.419998
2020-11-20,74.099602
2020-11-23,74.162399
2020-11-24,74.244904
2020-11-25,73.960800
2020-11-26,73.779900
2020-11-27,74.048798
2020-11-30,73.940903
2020-12-01,74.025200
2020-12-02,73.654999
2020-12-03,73.662598
2020-12-04,73.864899
2020-12-07,73.790298
2020-12-08,74.019997
2020-12-09,73.726402
2020-12-10,73.934998
2020-12-11,73.726700
2020-12-14,73.737999
2020-12-15,73.860001
2020-12-16,73.759804
2020-12-17,73.616600
2020-12-18,73.529800
2020-12-21,73.603600
2020-12-22,73.935303
2020-12-23,74.269997
2020-12-24,73.839798
2020-12-25,73.557800
2020-12-28,73.689003
2020-12-29,73.544899
2020-12-30,73.453598
2020-12-31,73.134003
2021-01-01,73.089203
2021-01-04,73.092003
2021-01-05,73.320000
2021-01-06,73.374802
2021-01-07,73.360001
2021-01-08,73.445999
2021-01-11,73.373398
2021-01-12,73.513496
2021-01-13,73.165001
2021-01-14,73.169899
2021-01-15,73.087601
2021-01-18,73.158997
2021-01-19,73.188698
2021-01-20,73.191902
2021-01-21,72.910896
2021-01-22,72.954903
2021-01-25,72.995903
2021-01-26,72.970001
2021-01-27,72.919998
2021-01-28,73.037102
2021-01-29,72.938797
2021-02-01,72.906601
2021-02-02,73.119797
2021-02-03,72.916298
2021-02-04,72.858002
2021-02-05,72.945702
2021-02-08,72.784798
2021-02-09,72.929901
2021-02-10,72.854897
2021-02-11,72.807297
2021-02-12,72.709503
2021-02-15,72.594803
2021-02-16,72.638702
2021-02-17,72.934998
2021-02-18,72.797302
2021-02-19,72.605400
2021-02-22,72.553001
2021-02-23,72.444000
2021-02-24,72.376999
2021-02-25,72.400002
2021-02-26,73.150902
2021-03-01,73.595901
2021-03-02,73.309402
2021-03-03,73.277496
2021-03-04,72.880699
2021-03-05,73.131798
2021-03-08,73.133400
2021-03-09,73.330002
2021-03-10,72.775902
2021-03-11,72.706001
2021-03-12,72.639000
2021-03-15,72.682999
2021-03-16,72.515297
2021-03-17,72.515602
2021-03-18,72.295601
2021-03-19,72.668800
2021-03-22,72.404999
2021-03-23,72.380501
2021-03-24,72.612198
2021-03-25,72.645599
2021-03-26,72.612801
2021-03-29,72.447197
2021-03-30,72.741898
2021-03-31,73.445297
2021-04-01,73.203499
2021-04-02,73.287300
2021-04-05,73.375999
2021-04-06,73.279503
2021-04-07,73.489998
2021-04-08,74.401497
2021-04-09,74.544502
2021-04-12,74.729500
2021-04-13,74.990997
2021-04-14,75.181503
2021-04-15,75.026100
2021-04-16,74.727402
2021-04-19,74.563202
2021-04-20,74.878197
2021-04-21,75.449203
2021-04-22,75.429497
2021-04-23,75.091698
2021-04-26,74.868103
2021-04-27,74.814903
2021-04-28,74.574997
2021-04-29,74.311798
2021-04-30,74.105797
2021-05-03,74.094803
2021-05-04,73.837502
2021-05-05,73.778900
2021-05-06,73.799400
2021-05-07,73.615196
2021-05-10,73.290298
2021-05-11,73.500000
2021-05-12,73.375099
2021-05-13,73.681602
2021-05-14,73.444901
2021-05-17,73.278900
2021-05-18,73.269699
2021-05-19,73.128197
2021-05-20,73.222900
2021-05-21,73.021896
2021-05-24,72.909798
2021-05-25,72.836601
2021-05-26,72.804901
2021-05-27,72.672501
2021-05-28,72.682999
2021-05-31,72.393501
2021-06-01,72.487198
2021-06-02,72.855003
2021-06-03,72.965103
2021-06-04,73.044197
2021-06-07,72.909698
2021-06-08,72.809402
2021-06-09,72.975304
2021-06-10,72.985298
2021-06-11,73.012299
2021-06-14,73.231598
2021-06-15,73.180801
2021-06-16,73.344704
2021-06-17,73.824097
2021-06-18,74.253899
2021-06-21,74.143898
2021-06-22,74.135201
2021-06-23,74.332199
2021-06-24,74.246902
2021-06-25,74.190300
2021-06-28,74.212997
2021-06-29,74.285400
2021-06-30,74.287598
2021-07-01,74.371002
2021-07-02,74.544998
2021-07-05,74.481796
2021-07-06,74.317802
2021-07-07,74.762901
2021-07-08,74.821899
2021-07-09,74.721397
2021-07-12,74.490501
2021-07-13,74.541702
2021-07-14,74.659103
2021-07-15,74.469101
2021-07-16,74.537003
2021-07-19,74.631798
2021-07-20,74.993401
2021-07-21,74.527000
2021-07-22,74.440201
2021-07-23,74.452003
2021-07-26,74.448898
2021-07-27,74.289497
2021-07-28,74.502296
2021-07-29,74.389999
2021-07-30,74.251999
2021-08-02,74.379097
2021-08-03,74.332001
2021-08-04,74.214401
2021-08-05,74.183998
2021-08-06,74.082001
2021-08-09,74.491402
2021-08-10,74.466202
2021-08-11,74.435501
2021-08-12,74.102997
2021-08-13,74.260101
2021-08-16,74.216797
2021-08-17,74.135002
2021-08-18,74.364502
2021-08-19,74.269798
2021-08-20,74.429298
2021-08-23,74.301498
2021-08-24,74.105904
2021-08-25,74.144798
2021-08-26,74.099998
2021-08-27,74.155998
2021-08-30,73.496597
2021-08-31,73.411201
2021-09-01,72.996696
2021-09-02,72.985100
2021-09-03,73.054298
2021-09-06,72.994499
2021-09-07,73.110001
2021-09-08,73.390404
2021-09-09,73.789001
2021-09-10,73.538002
2021-09-13,73.524300
2021-09-14,73.540802
2021-09-15,73.650803
2021-09-16,73.438004
2021-09-17,73.564903
2021-09-20,73.696098
2021-09-21,73.658997
2021-09-22,73.792702
2021-09-23,73.874901
2021-09-24,73.839996
2021-09-27,73.812897
2021-09-28,73.825302
2021-09-29,74.163300
2021-09-30,74.321999
2021-10-01,74.254402
2021-10-04,74.152100
2021-10-05,74.572800
2021-10-06,74.563202
2021-10-07,74.760002
2021-10-08,74.830002
2021-10-11,75.305801
2021-10-12,75.402603
2021-10-13,75.483902
2021-10-14,75.306297
2021-10-15,74.995003
2021-10-18,75.005898
2021-10-19,75.235497
2021-10-20,75.120102
2021-10-21,74.809196
2021-10-22,74.865402
2021-10-25,74.993698
2021-10-26,75.089897
2021-10-27,74.888901
2021-10-28,75.050003
2021-10-29,74.797203
2021-11-01,74.928299
2021-11-02,74.829903
2021-11-03,74.711998
2021-11-04,74.435501
2021-11-05,74.478104
2021-11-08,74.191101
2021-11-09,73.918503
2021-11-10,74.174797
2021-11-11,74.404900
2021-11-12,74.322098
2021-11-15,74.339996
2021-11-16,74.435097
2021-11-17,74.458603
2021-11-18,74.259804
2021-11-19,74.174400
2021-11-22,74.302597
2021-11-23,74.429802
2021-11-24,74.446999
2021-11-25,74.625000
2021-11-26,74.505798
2021-11-29,74.981598
2021-11-30,75.054901
2021-12-01,75.050903
2021-12-02,75.017899
2021-12-03,74.983498
2021-12-06,75.234001
2021-12-07,75.391296
2021-12-08,75.408600
2021-12-09,75.383301
2021-12-10,75.599197
2021-12-13,75.709999
2021-12-14,75.826897
2021-12-15,76.047203
2021-12-16,76.211403
2021-12-17,76.167503
2021-12-20,76.005997
2021-12-21,75.758698
2021-12-22,75.686401
2021-12-23,75.458504
2021-12-24,75.067398
2021-12-27,75.315002
2021-12-28,74.980301
2021-12-29,74.745003
2021-12-30,74.570297
2021-12-31,74.431198
2022-01-03,74.513802
2022-01-04,74.403297
2022-01-05,74.534897
2022-01-06,74.430099
2022-01-07,74.419296
2022-01-10,74.269997
2022-01-11,74.056999
2022-01-12,73.815300
2022-01-13,73.799103
2022-01-14,73.972298
2022-01-17,74.378998
2022-01-18,74.255096
2022-01-19,74.619698
2022-01-20,74.449203
2022-01-21,74.452202
2022-01-24,74.413200
2022-01-25,74.644798
2022-01-26,74.779999
2022-01-27,74.894997
2022-01-28,75.209297
2022-01-31,75.039001
2022-02-01,74.555801
2022-02-02,74.745499
2022-02-03,74.822403
2022-02-04,74.643898
2022-02-07,74.642197
2022-02-08,74.658302
2022-02-09,74.695198
2022-02-10,74.808899
2022-02-11,75.538399
2022-02-14,75.341003
2022-02-15,75.685402
2022-02-16,75.174797
2022-02-17,75.042000
2022-02-18,75.063004
2022-02-21,74.682404
2022-02-22,74.516998
2022-02-23,74.623001
2022-02-24,74.633003
2022-02-25,75.408302
2022-02-28,75.068001
2022-03-01,75.284798
2022-03-02,75.801201
2022-03-03,75.630997
2022-03-04,75.891701
2022-03-07,76.417999
2022-03-08,77.080803
2022-03-09,76.914497
2022-03-10,76.134903
2022-03-11,76.310303
2022-03-14,76.753700
2022-03-15,76.490097
2022-03-16,76.265900
2022-03-17,76.024200
2022-03-18,75.981598
2022-03-21,75.946404
2022-03-22,76.307098
2022-03-23,76.101898
2022-03-24,76.552399
2022-03-25,76.323502
2022-03-28,76.278503
2022-03-29,76.034103
2022-03-30,75.666702
2022-03-31,75.827797
2022-04-01,75.909203
2022-04-04,75.994797
2022-04-05,75.477997
2022-04-06,75.450699
2022-04-07,75.945099
2022-04-08,75.913200
2022-04-11,75.917297
2022-04-12,75.836998
2022-04-13,76.149803
2022-04-14,76.121696
2022-04-15,76.308800
2022-04-18,76.331398
2022-04-19,76.280197
2022-04-20,76.445396
2022-04-21,76.276199
2022-04-22,76.285202
2022-04-25,76.463501
2022-04-26,76.527802
2022-04-27,76.794098
2022-04-28,76.472198
2022-04-29,76.588997
2022-05-02,76.523102
2022-05-03,76.524101
2022-05-04,76.467300
2022-05-05,76.001602
2022-05-06,76.541801
2022-05-09,76.957497
2022-05-10,77.365501
2022-05-11,77.271400
2022-05-12,77.418404
2022-05-13,77.443802
2022-05-16,77.486298
2022-05-17,77.805397
2022-05-18,77.372398
2022-05-19,77.820000
2022-05-20,77.421097
2022-05-23,77.818398
2022-05-24,77.526802
2022-05-25,77.478798
2022-05-26,77.497299
2022-05-27,77.630203
2022-05-30,77.692001
2022-05-31,77.520897
2022-06-01,77.598999
2022-06-02,77.584099
2022-06-03,77.360497
2022-06-06,77.694199
2022-06-07,77.820999
2022-06-08,77.670601
2022-06-09,77.724297
2022-06-10,77.818703
2022-06-13,78.177597
2022-06-14,78.160599
2022-06-15,77.985497
2022-06-16,77.900200
2022-06-17,77.977699
2022-06-20,77.961403
2022-06-21,77.933998
2022-06-22,78.134903
2022-06-23,78.193100
2022-06-24,78.142403
2022-06-27,78.252296
2022-06-28,78.441101
2022-06-29,79.073196
2022-06-30,78.898300
2022-07-01,78.962997
2022-07-04,78.950699
2022-07-05,78.939499
2022-07-06,79.368401
2022-07-07,79.043900
2022-07-08,79.221603
2022-07-11,79.331398
2022-07-12,79.477798
2022-07-13,79.476402
2022-07-14,79.807503
2022-07-15,79.878304
2022-07-18,79.720497
2022-07-19,80.030296
2022-07-20,79.855904
2022-07-21,80.003403
2022-07-22,79.775902
2022-07-25,79.876801
2022-07-26,79.722504
2022-07-27,79.841202
2022-07-28,79.847397
2022-07-29,79.571503
2022-08-01,79.194801
2022-08-02,78.955704
2022-08-03,78.604500
2022-08-04,79.118301
2022-08-05,79.154900
2022-08-08,79.410599
2022-08-09,79.601898
2022-08-10,79.578400
2022-08-11,79.097801
2022-08-12,79.613998
2022-08-15,79.627602
2022-08-16,79.552902
2022-08-17,79.146004
2022-08-18,79.359703
2022-08-19,79.766701
2022-08-22,79.917900
2022-08-23,79.883797
2022-08-24,79.854500
2022-08-25,79.796799
2022-08-26,79.882896
2022-08-29,79.959099
2022-08-30,79.967903
2022-08-31,79.682297
2022-09-01,79.548798
2022-09-02,79.716797
2022-09-05,79.724503
2022-09-06,79.782997
2022-09-07,79.895103
2022-09-08,79.649803
2022-09-09,79.706299
2022-09-12,79.655800
2022-09-13,79.355301
2022-09-14,79.602402
2022-09-15,79.453697
2022-09-16,79.849098
2022-09-19,79.689499
2022-09-20,79.707497
2022-09-21,79.762703
2022-09-22,80.050697
2022-09-23,81.062202
2022-09-26,81.254799
2022-09-27,81.615799
2022-09-28,81.724602
2022-09-29,81.428703
2022-09-30,81.480598
2022-10-03,81.521301
2022-10-04,81.495003
2022-10-05,81.465500
2022-10-06,81.648804
2022-10-07,82.348999
2022-10-10,82.832298
2022-10-11,82.420700
2022-10-12,82.273903
2022-10-13,82.199997
2022-10-14,82.192101
2022-10-17,82.412804
2022-10-18,82.194702
2022-10-19,82.286400
2022-10-20,82.997002
2022-10-21,82.825699
2022-10-24,82.541298
2022-10-25,82.761497
2022-10-26,82.445297
2022-10-27,82.049599
2022-10-28,82.442497
2022-10-31,82.239197
2022-11-01,82.728996
2022-11-02,82.684502
2022-11-03,82.888397
2022-11-04,82.681801
2022-11-07,81.974998
2022-11-08,81.825996
2022-11-09,81.405197
2022-11-10,81.343803
2022-11-11,80.482903
2022-11-14,80.497002
2022-11-15,80.991997
2022-11-16,81.071404
2022-11-17,81.495300
2022-11-18,81.524902
2022-11-21,81.519897
2022-11-22,81.727699
2022-11-23,81.714996
2022-11-24,81.632896
2022-11-25,81.655403
2022-11-28,81.669701
2022-11-29,81.650299
2022-11-30,81.630898
2022-12-01,81.305298
2022-12-02,81.162201
2022-12-05,81.422501
2022-12-06,81.899002
2022-12-07,82.372200
2022-12-08,82.253502
2022-12-09,82.279198
2022-12-12,82.413002
2022-12-13,82.644699
2022-12-14,82.402496
2022-12-15,82.508003
2022-12-16,82.857903
2022-12-19,82.725998
2022-12-20,82.581902
2022-12-21,82.636902
2022-12-22,82.878601
2022-12-23,82.874901
2022-12-26,82.604103
2022-12-27,82.902901
2022-12-28,82.776100
2022-12-29,82.851997
2022-12-30,82.835098
2023-01-02,82.749802
2023-01-03,82.706001
2023-01-04,82.785698
2023-01-05,82.666496
2023-01-06,82.645203
2023-01-09,82.273399
2023-01-10,82.180099
2023-01-11,81.637398
2023-01-12,81.631798
2023-01-13,81.115601
2023-01-16,81.278000
2023-01-17,81.652603
2023-01-18,81.525497
2023-01-19,81.435997
2023-01-20,81.239799
2023-01-23,80.975998
2023-01-24,81.487999
2023-01-25,81.601898
2023-01-26,81.502701
2023-01-27,81.445099
2023-01-30,81.508003
2023-01-31,81.579903
2023-02-01,81.768402
2023-02-02,81.710297
2023-02-03,82.045898
2023-02-06,82.225998
2023-02-07,82.754997
2023-02-08,82.741898
2023-02-09,82.659500
2023-02-10,82.533203
2023-02-13,82.513000
2023-02-14,82.597397
2023-02-15,82.867599
2023-02-16,82.737701
2023-02-17,82.695297
2023-02-20,82.758003
2023-02-21,82.697502
2023-02-22,82.861198
2023-02-23,82.835297
2023-02-24,82.617897
2023-02-27,82.917999
2023-02-28,82.652000
2023-03-01,82.635399
2023-03-02,82.419899
2023-03-03,82.355698
2023-03-06,81.712502
2023-03-07,81.854401
2023-03-08,82.074600
2023-03-09,81.964500
2023-03-10,82.018402
2023-03-13,81.958000
2023-03-14,82.417397
2023-03-15,82.304901
2023-03-16,82.715698
2023-03-17,82.622803
2023-03-20,82.532997
2023-03-21,82.529099
2023-03-22,82.677002
2023-03-23,82.525803
2023-03-24,82.265297
2023-03-27,82.338799
2023-03-28,82.214897
2023-03-29,82.164299
2023-03-30,82.255402
2023-03-31,82.100502
2023-04-03,82.184799
2023-04-04,82.140900
2023-04-05,82.114799
2023-04-06,81.949997
2023-04-07,81.831299
2023-04-10,81.884804
2023-04-11,81.983902
2023-04-12,82.070099
2023-04-13,81.960602
2023-04-14,81.680702
2023-04-17,81.844803
2023-04-18,82.003700
2023-04-19,82.107903
2023-04-20,82.340103
2023-04-21,82.140900
2023-04-24,82.054802
2023-04-25,81.852303
2023-04-26,81.991600
2023-04-27,81.766899
2023-04-28,81.765099
2023-05-01,81.744797
2023-05-02,81.774696
2023-05-03,81.778702
2023-05-04,81.779999
2023-05-05,81.716103
2023-05-08,81.729797
2023-05-09,81.787102
2023-05-10,82.105003
2023-05-11,81.919899
2023-05-12,82.100304
2023-05-15,82.200302
2023-05-16,82.266701
2023-05-17,82.295998
2023-05-18,82.450302
2023-05-19,82.725098
2023-05-22,82.904800
2023-05-23,82.824997
2023-05-24,82.890602
2023-05-25,82.713699
2023-05-26,82.742104
2023-05-29,82.574799
2023-05-30,82.579697
2023-05-31,82.683899
2023-06-01,82.666801
2023-06-02,82.276703
2023-06-05,82.409798
2023-06-06,82.511200
2023-06-07,82.517197
2023-06-08,82.618103
2023-06-09,82.488297
2023-06-12,82.444801
2023-06-13,82.337196
2023-06-14,82.290398
2023-06-15,82.044998
2023-06-16,81.912697
2023-06-19,81.914803
2023-06-20,81.981400
2023-06-21,81.991798
2023-06-22,81.941498
2023-06-23,81.919296
2023-06-26,81.984802
2023-06-27,82.006500
2023-06-28,81.998398
2023-06-29,82.026497
2023-06-30,82.075401
2023-07-03,82.096298
2023-07-04,81.950104
2023-07-05,82.007103
2023-07-06,82.394096
2023-07-07,82.768402
2023-07-10,82.615303
2023-07-11,82.525299
2023-07-12,82.399902
2023-07-13,82.001801
2023-07-14,82.030800
2023-07-17,82.076797
2023-07-18,82.061600
2023-07-19,82.075401
2023-07-20,82.061699
2023-07-21,82.082397
2023-07-24,81.990303
2023-07-25,81.814201
2023-07-26,81.950104
2023-07-27,81.975502
2023-07-28,82.374901
2023-07-31,82.252800
2023-08-01,82.233299
2023-08-02,82.307297
2023-08-03,82.733299
2023-08-04,82.784302
2023-08-07,82.695297
2023-08-08,82.748299
2023-08-09,82.845001
2023-08-10,82.866302
2023-08-11,82.799896
2023-08-14,82.897301
2023-08-15,83.233398
2023-08-16,83.194199
2023-08-17,83.237000
2023-08-18,83.098297
2023-08-21,83.167297
2023-08-22,83.113503
2023-08-23,83.073303
2023-08-24,82.544701
2023-08-25,82.641403
2023-08-28,82.664299
2023-08-29,82.691498
2023-08-30,82.494698
2023-08-31,82.700401
2023-09-01,82.682404
2023-09-04,82.696999
2023-09-05,82.734596
2023-09-06,83.086098
2023-09-07,83.257401
2023-09-08,83.241501
2023-09-11,83.031303
2023-09-12,82.943298
2023-09-13,82.843002
2023-09-14,82.936798
2023-09-15,83.028297
2023-09-18,83.085800
2023-09-19,83.254898
2023-09-20,83.195000
2023-09-21,83.086998
2023-09-22,82.891296
2023-09-25,82.974800
2023-09-26,83.028297
2023-09-27,83.298698
2023-09-28,83.222702
2023-09-29,83.193001
2023-10-02,83.034798
2023-10-03,83.359398
2023-10-04,83.229797
2023-10-05,83.449799
2023-10-06,83.224899
2023-10-09,83.124603
2023-10-10,83.270302
2023-10-11,83.250298
2023-10-12,83.218002
2023-10-13,83.262398
2023-10-16,83.282303
2023-10-17,83.199501
2023-10-18,83.264297
2023-10-19,83.268600
2023-10-20,83.122299
2023-10-23,83.159798
2023-10-24,83.029404
2023-10-25,82.987801
2023-10-26,83.170998
2023-10-27,83.282501
2023-10-30,83.413399
2023-10-31,83.296501
2023-11-01,83.277199
2023-11-02,85.194000
2023-11-03,83.247299
2023-11-06,83.158501
2023-11-07,83.222801
2023-11-08,83.232697
2023-11-09,83.217697
2023-11-10,83.319397
2023-11-13,83.298897
2023-11-14,83.197601
2023-11-15,82.981598
2023-11-16,83.186203
2023-11-17,83.120300
2023-11-20,83.291496
2023-11-21,83.322197
2023-11-22,83.345703
2023-11-23,83.548302
2023-11-24,83.344002
2023-11-27,83.314499
2023-11-28,83.364502
2023-11-29,83.418098
2023-11-30,83.330299
2023-12-01,83.352699
2023-12-04,83.218597
2023-12-05,83.417099
2023-12-06,83.315903
2023-12-07,83.289597
2023-12-08,83.354897
2023-12-11,83.430099
2023-12-12,83.343498
2023-12-13,83.396004
2023-12-14,83.285301
2023-12-15,83.296600
2023-12-18,83.041702
2023-12-19,83.111198
2023-12-20,83.091599
2023-12-21,83.267197
2023-12-22,83.131599
2023-12-25,83.165001
2023-12-26,83.172302
2023-12-27,83.182800
2023-12-28,83.267197
2023-12-29,82.302002
2024-01-01,83.248596
2024-01-02,83.202599
2024-01-03,83.257004
2024-01-04,83.318100
2024-01-05,83.240601
2024-01-08,83.191101
2024-01-09,83.050697
2024-01-10,83.131104
2024-01-11,83.025597
2024-01-12,83.076103
2024-01-15,82.872101
2024-01-16,82.859398
2024-01-17,83.088997
2024-01-18,83.177597
2024-01-19,83.160599
2024-01-22,83.124702
2024-01-23,83.095100
2024-01-24,83.221397
2024-01-25,83.097603
2024-01-26,83.146103
2024-01-29,83.121300
2024-01-30,83.153099
2024-01-31,83.109703
2024-02-01,83.053596
2024-02-02,82.927597
2024-02-05,82.999298
2024-02-06,83.103699
2024-02-07,83.070602
2024-02-08,83.012604
2024-02-09,82.985298
2024-02-12,83.014503
2024-02-13,82.990196
2024-02-14,83.074600
2024-02-15,83.043098
2024-02-16,83.009598
2024-02-19,83.015999
2024-02-20,83.021004
2024-02-21,82.829102
2024-02-22,82.938400
2024-02-23,82.872299
2024-02-26,82.881798
2024-02-27,82.851997
2024-02-28,82.948196
2024-02-29,82.911903
2024-03-01,82.910400
2024-03-04,82.846100
2024-03-05,82.910500
2024-03-06,82.884804
2024-03-07,82.819099
2024-03-08,82.752296
2024-03-11,82.752098
2024-03-12,82.778297
2024-03-13,82.835098
2024-03-14,82.831100
2024-03-15,82.965599
2024-03-18,82.888901
2024-03-19,82.863602
2024-03-20,83.042397
2024-03-21,83.054604
2024-03-22,83.226601
2024-03-25,83.593597
2024-03-26,83.417397
2024-03-27,83.345497
2024-03-28,83.364998
2024-03-29,83.392998
2024-04-01,83.364799
2024-04-02,83.409698
2024-04-03,83.350304
2024-04-04,83.373299
2024-04-05,83.477798
2024-04-08,83.296799
2024-04-09,83.269600
2024-04-10,83.224297
2024-04-11,83.412697
2024-04-12,83.349297
2024-04-15,83.611099
2024-04-16,83.505997
2024-04-17,83.667503
2024-04-18,83.595802
2024-04-19,83.544998
2024-04-22,83.385300
2024-04-23,83.386200
2024-04-24,83.283302
2024-04-25,83.340599
2024-04-26,83.301804
2024-04-29,83.402298
2024-04-30,83.451103
2024-05-01,83.498398
2024-05-02,83.406403
2024-05-03,83.406303
2024-05-06,83.379997
2024-05-07,83.472801
2024-05-08,83.469902
2024-05-09,83.464302
2024-05-10,83.459396
2024-05-13,83.524803
2024-05-14,83.505501
2024-05-15,83.524200
2024-05-16,83.405098
2024-05-17,83.470100
2024-05-20,83.300400
2024-05-21,83.315002
2024-05-22,83.316803
2024-05-23,83.267097
2024-05-24,83.286400
2024-05-27,83.052200
2024-05-28,83.145699
2024-05-29,83.206497
2024-05-30,83.365601
2024-05-31,83.320900
2024-06-03,83.450798
2024-06-04,83.093399
2024-06-05,83.629402
2024-06-06,83.380798
2024-06-07,83.473099
2024-06-10,83.527603
2024-06-11,83.529800
2024-06-12,83.596802
2024-06-13,83.534302
2024-06-14,83.522102
2024-06-17,83.551804
2024-06-18,83.510101
2024-06-19,83.374100
2024-06-20,83.419502
2024-06-21,83.601601
2024-06-24,83.562500
2024-06-25,83.460403
2024-06-26,83.414597
2024-06-27,83.580399
2024-06-28,83.450897
2024-07-01,83.367500
2024-07-02,83.441299
2024-07-03,83.479103
2024-07-04,83.491203
2024-07-05,83.493401
2024-07-08,83.472099
2024-07-09,83.457603
2024-07-10,83.492996
2024-07-11,83.495903
2024-07-12,83.518501
2024-07-15,83.520302
2024-07-16,83.587601
2024-07-17,83.529602
2024-07-18,83.572098
2024-07-19,83.674301
2024-07-22,83.730301
2024-07-23,83.671303
2024-07-24,83.706802
2024-07-25,83.742996
2024-07-26,83.737602
2024-07-29,83.727798
2024-07-30,83.750504
2024-07-31,83.738998
2024-08-01,83.717796
2024-08-02,83.743896
2024-08-05,83.735298
2024-08-06,84.002602
2024-08-07,83.934898
2024-08-08,83.942398
2024-08-09,83.988998
2024-08-12,83.949799
2024-08-13,83.889999
2024-08-14,83.882004
2024-08-15,83.971497
2024-08-16,83.948303
2024-08-19,83.889801
2024-08-20,83.878601
2024-08-21,83.779404
2024-08-22,83.888603
2024-08-23,83.940598
2024-08-26,83.813797
2024-08-27,83.883698
2024-08-28,83.921600
2024-08-29,83.941498
2024-08-30,83.895103
2024-09-02,83.863800
2024-09-03,83.927299
2024-09-04,83.950302
2024-09-05,83.982498
2024-09-06,83.983597
2024-09-09,83.982597
2024-09-10,83.980904
2024-09-11,83.982002
2024-09-12,83.992599
2024-09-13,83.934799
2024-09-16,83.884804
2024-09-17,83.884003
2024-09-18,83.770599
2024-09-19,83.691704
2024-09-20,83.614700
2024-09-23,83.487099
2024-09-24,83.559601
2024-09-25,83.567596
2024-09-26,83.624100
2024-09-27,83.617104
2024-09-30,83.716400
2024-10-01,83.827301
2024-10-02,83.872101
2024-10-03,83.919601
2024-10-04,84.009399
2024-10-07,84.027802
2024-10-08,83.964104
2024-10-09,83.914597
2024-10-10,83.942200
2024-10-11,83.945999
2024-10-14,84.168297
2024-10-15,84.048500
2024-10-16,84.056198
2024-10-17,84.039299
2024-10-18,84.053802
2024-10-21,84.068703
2024-10-22,84.073502
2024-10-23,84.084000
2024-10-24,84.067596
2024-10-25,84.081802
2024-10-28,84.101997
2024-10-29,84.102798
2024-10-30,84.089302
2024-10-31,84.089104
2024-11-01,84.091499
2024-11-04,84.133598
2024-11-05,84.152496
2024-11-06,84.116302
2024-11-07,84.251198
2024-11-08,84.306396
2024-11-11,84.382896
2024-11-12,84.396500
2024-11-13,84.395302
2024-11-14,84.422997
2024-11-15,84.473801
2024-11-18,84.477501
2024-11-19,84.398499
2024-11-20,84.397598
2024-11-21,84.383102
2024-11-22,84.488297
2024-11-25,84.435997
2024-11-26,84.377502
2024-11-27,84.339104
2024-11-28,84.420303
2024-11-29,84.471603
2024-12-02,84.556999
2024-12-03,84.737099
2024-12-04,84.683098
2024-12-05,84.707001
2024-12-06,84.683800
2024-12-09,84.666000
2024-12-10,84.847298
2024-12-11,84.874001
2024-12-12,84.857101
2024-12-13,84.839203
2024-12-16,84.802002
2024-12-17,84.917297
2024-12-18,84.915398
2024-12-19,85.165497
2024-12-20,85.279404
2024-12-23,84.945000
2024-12-24,85.098900
2024-12-25,85.181503
2024-12-26,85.413399
2024-12-27,85.260902
2024-12-30,85.386002
2024-12-31,85.786598
2025-01-02,85.785698
2025-01-03,85.804001
2025-01-06,85.759003
2025-01-07,85.680702
2025-01-08,85.806503
2025-01-09,85.907501
2025-01-10,85.919998
2025-01-13,86.188004
2025-01-14,86.650597
2025-01-15,86.535400
2025-01-16,86.431000
2025-01-17,86.606102
2025-01-20,86.569000
2025-01-21,86.211098
2025-01-22,86.451897
2025-01-23,86.472702
2025-01-24,86.440201
2025-01-27,86.203003
2025-01-28,86.468399
2025-01-29,86.584602
2025-01-30,86.640602
2025-01-31,86.647003
2025-02-03,86.554001
2025-02-04,86.943398
2025-02-05,87.130096
2025-02-06,87.334099
2025-02-07,87.588303
2025-02-10,87.513100
2025-02-11,87.490097
2025-02-12,86.811203
2025-02-13,86.874001
2025-02-14,86.754097
2025-02-17,86.434601
2025-02-18,86.854797
2025-02-19,86.887199
2025-02-20,86.872803
2025-02-21,86.451202
2025-02-24,86.529404
2025-02-25,86.690102
2025-02-26,87.081200
2025-02-27,87.162201
2025-02-28,87.327003
2025-03-03,87.463997
2025-03-04,87.329597
2025-03-05,87.217003
2025-03-06,86.889297
2025-03-07,87.128799
2025-03-10,87.073799
2025-03-11,87.355103
2025-03-12,87.200104
2025-03-13,87.340599
2025-03-14,86.922096
2025-03-17,86.939003
2025-03-18,86.916397
2025-03-19,86.576103
2025-03-20,86.337097
2025-03-21,86.336098
2025-03-24,85.987000
2025-03-25,85.532097
2025-03-26,85.590401
2025-03-27,86.095398
2025-03-28,85.694901
2025-03-31,85.538803
2025-04-01,85.468102
2025-04-02,85.610100
2025-04-03,85.651199
2025-04-04,85.282898
2025-04-07,85.529297
2025-04-08,86.027000
2025-04-09,86.435303
2025-04-10,86.209297
2025-04-11,86.260399
2025-04-14,86.193001
2025-04-15,86.044800
2025-04-16,85.726700
2025-04-17,85.620499
2025-04-22,85.158897
2025-04-23,85.232399
2025-04-24,85.499901
2025-04-25,85.257301
2025-04-28,85.384903
2025-04-29,85.160301
2025-04-30,85.170799
2025-05-01,84.531197
2025-05-02,84.696701
2025-05-05,84.526299
2025-05-06,84.220802
2025-05-07,84.793198
2025-05-08,84.817200
2025-05-09,86.082199
2025-05-12,85.408302
2025-05-13,84.965698
2025-05-14,85.060303
2025-05-15,85.487602
2025-05-16,85.444901
2025-05-19,85.500298
2025-05-20,85.372101
2025-05-21,85.536102
2025-05-22,85.600304
2025-05-23,85.974899
2025-05-26,85.199303
2025-05-27,85.158203
2025-05-28,85.360497
2025-05-29,85.385902
2025-05-30,85.361298
2025-06-02,85.524300
2025-06-03,85.363701
2025-06-04,85.708801
2025-06-05,85.904198
2025-06-06,85.877502
2025-06-09,85.785301
2025-06-10,85.755997
2025-06-11,85.652802
2025-06-12,85.469803
2025-06-13,85.688400
2025-06-16,86.249199
2025-06-17,86.104202
2025-06-18,86.362701
2025-06-19,86.613602
2025-06-20,86.583801
2025-06-23,86.580299
2025-06-24,86.233002
2025-06-25,85.904800
2025-06-26,86.006104
2025-06-27,85.666397
2025-06-30,85.455299
2025-07-01,85.713997
2025-07-02,85.642799
2025-07-03,85.694099
2025-07-04,85.319099
2025-07-07,85.496300
2025-07-08,85.891998
2025-07-09,85.707397
2025-07-10,85.708504
2025-07-11,85.734802
2025-07-14,85.821297
2025-07-15,85.968399
2025-07-16,85.993103
2025-07-17,85.885201
2025-07-18,86.046501
2025-07-21,86.148598
2025-07-22,86.195297
2025-07-23,86.342796
2025-07-24,86.398697
2025-07-25,86.430298
2025-07-28,86.506104
2025-07-29,86.777603
2025-07-30,87.063202
2025-07-31,87.714600
2025-08-01,87.489403
2025-08-04,87.245300
2025-08-05,87.893303
2025-08-06,87.723099
2025-08-07,87.762497
2025-08-08,87.433197
2025-08-11,87.488297
2025-08-12,87.664497
2025-08-13,87.595596
2025-08-14,87.449997
2025-08-15,87.691803
2025-08-18,87.512802
2025-08-19,87.295097
2025-08-20,87.079102
2025-08-21,87.018204
2025-08-22,87.293404
2025-08-25,87.330101
2025-08-26,87.608597
2025-08-27,87.600700
2025-08-28,87.659103
2025-08-29,87.591698
2025-09-01,88.174301
2025-09-02,88.001404
2025-09-03,87.998299
2025-09-04,88.072998
2025-09-05,88.192902
2025-09-08,88.186302
2025-09-09,87.980499
2025-09-10,88.218300
2025-09-11,88.053398
2025-09-12,88.267601
2025-09-15,88.277298
2025-09-16,88.123497
2025-09-17,87.884598
2025-09-18,87.910698
2025-09-19,88.206902
2025-09-22,88.099197
2025-09-23,88.304398
2025-09-24,88.807999
2025-09-25,88.778603
2025-09-26,88.773102
2025-09-29,88.676804
2025-09-30,88.704498
2025-10-01,88.840698
2025-10-02,88.682999
2025-10-03,88.720200
2025-10-06,88.735100
2025-10-07,88.721100
2025-10-08,88.742599
2025-10-09,88.777199
2025-10-10,88.865402
2025-10-13,88.757301
2025-10-14,88.665100
2025-10-15,88.782501
2025-10-16,87.809502
2025-10-17,87.990700
2025-10-20,88.002296
2025-10-21,87.879997
2025-10-22,88.001602
2025-10-23,87.740303
2025-10-24,87.778999
2025-10-27,87.829002
2025-10-28,88.222099
2025-10-29,88.225502
2025-10-30,88.345596
2025-10-31,88.634499
2025-11-03,88.775398
2025-11-04,88.723396
2025-11-05,88.732002
2025-11-06,88.556900
2025-11-07,88.672997
2025-11-10,88.657997
2025-11-11,88.707100
2025-11-12,88.466499
2025-11-13,88.594002
2025-11-14,88.816101
2025-11-17,88.681999
2025-11-18,88.635902
2025-11-19,88.556801
2025-11-20,88.487198
2025-11-21,88.692200
2025-11-24,89.634003
2025-11-25,89.147797
2025-11-26,89.150597
2025-11-27,89.163002
2025-11-28,89.364799
2025-12-01,89.349998
2025-12-02,89.612701
2025-12-03,89.917198
2025-12-04,90.170502
2025-12-05,89.836403
2025-12-08,89.938004
2025-12-09,90.129997
2025-12-10,89.916901
2025-12-11,89.792999
2025-12-12,90.252998
2025-12-15,90.577003
2025-12-16,90.776901
2025-12-17,90.948898
2025-12-18,90.413696
2025-12-19,90.255798
2025-12-22,89.570000
2025-12-23,89.603897
2025-12-24,89.507896
2025-12-26,90.105904
2025-12-29,89.829300
2025-12-30,89.900002
